第三阶段 数据库 (重要) 职业--DBA
静静老师
邮箱: 有问题可以发邮件
panglj@tedu.cn
402er

数据库是可以存储所有的数据,但不是所有的数据都适合保存在数据库中(比如视频),
        SQL语句执顺序
            执行FROM ---> where--->group by--->聚合函数having--->order by (排序)

    关系型数据库-RDBMS        MYSQL       数据库管理员 DBA
    非关系型的数据库-NOsql     Redis       运维工程师  DBA

    学完后可以 做 监控与安全

    基础阶段
        DAY01
                解包
                安装软件包
                启动mysql服务
                查看服务进程和端口
                查看初始登录密码
                使用初始密码登录
                修改登录密码
                断开链接
                使用修改后密码登录
                根据新密码策略设置密码
                使用新密码登录

            1.搭建数据库
                1.1 相关概念
                    DB---database
                    数据库
                    依照某种数据模型进行组织并存放到存储器的数据合集
                    DBMS---database management system
                    数据库管理系统
                    用来操作和管理数据库的服务软件
                    DBS---database system
                    数据库系统
                    指带有数据库并整合了数据库管理软件的计算机系统


                        软件名      开源 跨平台
                    --- Oracle      n   y
                    |   mysql       y   y
                  RDBMS sqlserver   n   y
                    |- -db2         n   y
                        redis       y   y
                        memcache    y   y
                        mongodb     y   y

                    MYSQL 特点:
                                中小型规模,关系型数据库
                                跨平台
                                支持 Python Java perl php 等编程语言

                    应用环境:
                                LAMP 与Apache HTTP Server 组合
                                LNMP 与Nginx 组合

                    相关参数
                           文件               说明
                           /etc/my.conf      主配置文件
                           /var/lib/mysql    数据库主目录
                           默认端口号          3306
                           进程名              mysqld
                           传输协议             tcp
                           进程所有者           mysql
                           进程所属组           mysql
                           错误日志             /var/log/mysqld.log
                    装包

                        tar -xvf mysql-5.7.17.tar
                        yum -y install mysql-community-*.rpm
                        rpm -qa | grep -i mysql

                    起服务
                        systemctl restart mysqld
                        mysql
                        ls /var/lib/mysql/
                    开机自启
                        systemctl enable mysqld
                    查看服务启动
                        ss -antulp | grep mysqld
                1.2 初始密码登录
                        ################用户密码默认由软件生成###########################
                        [root@DBA mysql]# grep 'password' /var/log/mysqld.log
                        2019-06-06T02:11:08.044931Z 1 [Note] A temporary password is generated for root@localhost: lKpqL5QO4+=:
                        2019-06-06T02:11:52.610948Z 3 [Note] Access denied for user 'root'@'localhost' (using password: NO)
                        [root@DBA mysql]# cd
                        #######第一次登录时只能由 hlocalhost  登入 ########################
                        [root@DBA ~]# mysql -hlocalhost -uroot -p'lKpqL5QO4+=:'  ###不能有空格
                        ##########设置root的新密码####################################
                        mysql> alter user root@"localhost" identified by "123qqq...A";
                        Query OK, 0 rows affected (0.00 sec)
                        ###############使用 root 新密码登录, 在本机登录时 -hlocalhost 可以;省略##########
                        [root@DBA ~]# mysql -uroot -p123qqq...A
                1.3 修改密码策略 (可选项)
                        0 or LOW       长度
                        1 or MEDIUM    长度;数字,小写/大写 和特殊字符
                        2 or STRONG    长度;数字,小写/大写 和特殊字符 ;字典文件
                查看变量
                        模糊查找:(只要包含这个字段就行)
                            使用两个%将需要匹配的字段包起来.
                        去掉  两个% 是精确匹配
                        mysql> show variables like "%password%";
                        +---------------------------------------+--------+
                        | Variable_name                         | Value  |
                        +---------------------------------------+--------+
                        | default_password_lifetime             | 0      |
                        | disconnect_on_expired_password        | ON     |
                        | log_builtin_as_identified_by_password | OFF    |
                        | mysql_native_password_proxy_users     | OFF    |
                        | old_passwords                         | 0      |
                        | report_password                       |        |
                        | sha256_password_proxy_users           | OFF    |
                        | validate_password_check_user_name     | OFF    |
                        | validate_password_dictionary_file     |        |
                        | validate_password_length              | 8      |
                        | validate_password_mixed_case_count    | 1      |
                        | validate_password_number_count        | 1      |
                        | validate_password_policy              | MEDIUM |
                        | validate_password_special_char_count  | 1      |
                        +---------------------------------------+--------+
                        14 rows in set (0.01 sec)
                       修改密码策略
                        mysql> set global validate_password_policy=0;
                        Query OK, 0 rows affected (0.00 sec)
                        修改`密码长度
                        mysql> set global validate_password_length=6;
                        Query OK, 0 rows affected (0.00 sec)
                        永久修改配置
                        [root@DBA ~]# vim /etc/my.cnf
                        [mysqld]
                        #手动添加 默认没有
                        validate_password_policy=0
                        validate_password_length=6

                       设置新密码
                        mysql> alter user root@"localhost" identified by "tarena";  Query OK, 0 rows affected (0.00 sec)
                        mysql> exit
                        Bye
                       使用新密码登录
                        [root@DBA ~]# mysql -uroot -ptarena


            2.数据库服务的基本使用
                2.1链接mysql服务
                    1.链接方式
                        1)命令行

                            访问数据库
                            mysql -h服务器ip -u用户名 -p密码[数据库名选填]
                            显示目前位置(我在哪里)
                            mysql> select database();
                            +------------+
                            | database() |
                            +------------+
                            | NULL       |
                            +------------+
                            1 row in set (0.00 sec)

                        2)web界面
                        3)安装图形软件
                        4)编写脚本(php java Python)

                    2.数据存储流程
                         连接数据库服务器
                         建库               库类似于文件夹
                         建表               表类似于文件
                         插入数据
                         断开连接 TCP

                         SQL 结构化查询语句
                            sql语句不区分大小写 (密码,变量除外)
                            语句以 ; 结束 只有少数 不用加 ;
                            只有少数;命令可以tab
                            \c ;之前 或者ctrl + c 结束命令
                         SQL命令分类
                            DDL  数据定义语言  create alter drop
                            DML  数据操作语言  insert update delete
                            DCL  数据控制语言  grant revoke
                            DTL  数据事物语言  commit  rollback
                         什么是事物:
                            事物:一次访问数据库的开始到断开数据库链接,表示一次事物
                            当执行一个操作时,失败后可根据事物日志恢复.

                    2.mysql管理环境
                        1)show databases; 显示已有的库
                            不要删除,修改已有的库 ,新建库存放数据
                        2)select user(); 显示链接用户
                        3)use 库名;       切换库
                        4)select database(); 显示当前所在的库
                        5)create database 库名; 创建新库
                            库名 命名规则
                                只能 用数字 字母 下划线不能纯数字
                                区分字母大小写 具有唯一性
                                不能使用关键词 特殊字符

                                mysql> create table db1.学生表(
                               姓名 char(10),
                               家庭地址 char(20)
                               ) DEFAULT CHARSET=utf8; ####添加参数支持中文,似乎只能在创建表的时候添加,待测试

                                mysql> insert into db1.学生表 values("张三丰","武当山");
                                mysql> insert into db1.学生表 values("张四丰","武台山");
                                mysql> select  * from  db1.学生表;

                        6)show tables ; 显示已有的表
                        7)drop database 库名; 删除库
                    表管理命令
                        1)select * from 库名.表名;
                        2)insert into 库名.表名 values(xxx);
                        3)update 库名.表名 set 字段=值;
                        4)delete from 库名.表名;  删除表单中的所有数据,但不删除表
                        5)create table 库名.表名;
                        7)drop table 表名； 删除表

                        mysql服务提交方式mysql服务提交方式autocommit

            3.Mysql数据类型
                字符
                    char varchar
                数值
                    整型

                        tinyint smallint int bigint
                    浮点
                         float  单精度 0-2^32-1
                         double 双精度 0-2^64-1
                         mysql> create table db1.t5 (name char(10), level  tinyint );
                    mysql> insert into  db1.t5 values ("zbj",-1);
                    mysql> insert into  db1.t5 values ("zbj",-129);
                    mysql> insert into  db1.t5 values ("zbj",198);

                    mysql> create table db1.t6 (name char(10), level  tinyint unsigned);
                    mysql> insert into  db1.t6 values ("zbj",-1);
                    mysql> insert into  db1.t6 values ("zbj",0);
                    mysql> insert into  db1.t6 values ("zbj",256);
                    mysql> insert into  db1.t6 values ("zbj",25);
                    mysql> insert into  db1.t6 values ("zbj",25.22);
                    mysql> insert into  db1.t6 values ("zbj",25.52);

                    mysql> create  table db1.t3(pay float , id double);
                    mysql> insert into db1.t3 values(9999.23,9999.77);

                    mysql> create  table db1.t4( pay float(5,2) , id double(4,2) );
                    mysql> insert into db1.t4 values(9999.23,9999.77);

                    mysql> create table  db1.t7(stu_num int , name char(5) ,
                           age tinyint ,pay float ,money float(7,2) );

                    mysql> desc  db1.t7 ;









                日期时间
                    类型 时间函数
                    年    日期   时间   日期时间
                    year  date   time   datetime/ timestamp

                    create table db1.t8(
                    name  char(15),
                    your_s    year,
                    birthday  date,
                    up_class  time,
                    party  datetime
                    );

                    desc  db1.t8 ;

                    insert into  db1.t8  values
                    ("bob",1990,20191120,083000,20190607203000);

                    当year类型 使用2位数赋值时：
                    0

                枚举  enum  单选
                     set   多选

                     mysql> create table db1.t21(
                                -> name char(10) not null,
                                -> age tinyint unsigned default 25,
                                -> sex enum("m","w") not null default "w");

                插入数据
                mysql> insert into db1.t21 (name,sex) values("tianmao","m");




        DAY02
            1.表结构
                1)约束条件
                    作用:限制给表字段赋值
                    查看字段的约束条件 : desc 库.表;
                        字段名 | 类型 | 空| 键值 | 默认值 |额外设置|
                        mysql> desc db2.t10;
                        +-------+--------------------------------+------+-----+---------+-------+
                        | Field | Type                           | Null | Key | Default | Extra |
                        +-------+--------------------------------+------+-----+---------+-------+
                        | name  | char(10)                       | YES  |     | NULL    |       |
                        | sex   | enum('boy','girl','no')        | YES  |     | NULL    |       |
                        | likes | set('eat','game','pi','sleep') | YES  |     | NULL    |       |
                        +-------+--------------------------------+------+-----+---------+-------+

                    约束条件有那些:
                                 是否为空  not null null
                                 键值     key
                                 默认设置 default  缺省 为null
                                 额外设置 extra
                                mysql>create tabledb1.t7;
                                ->name char(10) not null,
                                ->age tinyint unsignted default 19  //无符号整型(没有负数)
                                ->class char(7) not null default "nsd1903"
                                ->pay float(7,2) default 28000
                                #######float共7位 两位小数
                                );
                               ###################################

                                mysql> create table db1.t21(
                                -> name char(10) not null,
                                -> age tinyint unsigned default 25,
                                -> sex enum("m","w") not null default "w");
                                Query OK, 0 rows affected (0.38 sec)

                                mysql> desc db1.t21;
                                +-------+---------------------+------+-----+---------+-------+
                                | Field | Type                | Null | Key | Default | Extra |
                                +-------+---------------------+------+-----+---------+-------+
                                | name  | char(10)            | NO   |     | NULL    |       |
                                | age   | tinyint(3) unsigned | YES  |     | 25      |       |
                                | sex   | enum('m','w')       | NO   |     | w       |       |
                                +-------+---------------------+------+-----+---------+-------+
                                3 rows in set (0.00 sec)
                                #################插入数据#########################
                                mysql> insert into db1.t21 values("dc",null,"w");
                                Query OK, 1 row affected (0.04 sec)

                                mysql> select * from db1.t21;
                                +------+------+-----+
                                | name | age  | sex |
                                +------+------+-----+
                                | dc   | NULL | w   |
                                +------+------+-----+
                                1 row in set (0.00 sec)
                                mysql> insert into db1.t21 (name,sex) values("tianmao","m");
                                Query OK, 1 row affected (0.03 sec)

                                mysql> select * from db1.t21;
                                +---------+------+-----+
                                | name    | age  | sex |
                                +---------+------+-----+
                                | dc      | NULL | w   |
                                | tianmao |   25 | m   |
                                +---------+------+-----+
                                2 rows in set (0.00 sec)




            2.表结结构
                    1)修改表结构
                        格式  alter table 库.表 执行动作;
                        执行动作:
                            add    添加新字段

                                    新字段默认添加在地段的末尾, 添加 first 后可添加至行首 after xxx 在xxx后添加
                                    alter table db1.t10
                                    add
                                    name char(15) frist;

                                    alter table db1.t10
                                    add age tinyint unsignted not null default 19 after name ;


                            drop   删除已有字段

                                    mysql> alter table db1.t10 drop email , drop stu_num;
                                        Query OK, 0 rows affected (0.62 sec)
                                        Records: 0  Duplicates: 0  Warnings: 0

                                    mysql> select * from db1.t10 ;                                                   +------+-----+------+-------------+
                                        | name | age | sex  | likes       |
                                        +------+-----+------+-------------+
                                        | dc   |  19 | boy  | eat,pi      |
                                        | dc2  |  19 | boy  | eat,game,pi |
                                        +------+-----+------+-------------+
                                        2 rows in set (0.00 sec)

                            modify 修改字段类型 (改类型 调位置)
                                    注意:修改的字段类型与已经存储的数据冲突时,不能修改类型

                                    ###################修改类型###################################
                                    mysql> alter table db1.t10 modify name varchar(15) default "";
                                        Query OK, 2 rows affected (0.73 sec)
                                        Records: 2  Duplicates: 0  Warnings: 0

                                    mysql> desc db1.t10 ;alter
                                        +-------+--------------------------------+------+-----+---------+-------+
                                        | Field | Type                           | Null | Key | Default | Extra |
                                        +-------+--------------------------------+------+-----+---------+-------+
                                        | name  | varchar(15)                    | YES  |     |         |       |
                                        | age   | tinyint(3) unsigned            | NO   |     | 19      |       |
                                        | sex   | enum('boy','gril','no')        | YES  |     | NULL    |       |
                                        | likes | set('eat','game','pi','sleep') | YES  |     | NULL    |       |
                                        +-------+--------------------------------+------+-----+---------+-------+
                                        4 rows in set (0.00 sec)

                                    #############调整位置#######################
                                    mysql> alter table db1.t10 modify age tinyint(3) unsigned not null after sex;
                                        Query OK, 0 rows affected (0.52 sec)
                                        Records: 0  Duplicates: 0  Warnings: 0

                                    mysql> desc db1.10;
                                        +-------+--------------------------------+------+-----+---------+-------+
                                        | Field | Type                           | Null | Key | Default | Extra |
                                        +-------+--------------------------------+------+-----+---------+-------+
                                        | name  | varchar(15)                    | YES  |     |         |       |
                                        | sex   | enum('boy','gril','no')        | YES  |     | NULL    |       |
                                        | age   | tinyint(3) unsigned            | NO   |     | NULL    |       |
                                        | loves | set('eat','game','pi','sleep') | YES  |     | NULL    |       |
                                        +-------+--------------------------------+------+-----+---------+-------+



                            change 修改字段名/修改字段名类型

                                        .....chenge likes .....

                                    mysql> alter table db1.t10 change likes loves set('eat','game','pi','sleep');
                                    Query OK, 0 rows affected (0.08 sec)
                                    Records: 0  Duplicates: 0  Warnings: 0

                                    mysql> desc db1.t10 ;                                                            +-------+--------------------------------+------+-----+---------+-------+
                                        | Field | Type                           | Null | Key | Default | Extra |
                                        +-------+--------------------------------+------+-----+---------+-------+
                                        | name  | varchar(15)                    | YES  |     |         |       |
                                        | age   | tinyint(3) unsigned            | NO   |     | 19      |       |
                                        | sex   | enum('boy','gril','no')        | YES  |     | NULL    |       |
                                        | loves | set('eat','game','pi','sleep') | YES  |     | NULL    |       |
                                        +-------+--------------------------------+------+-----+---------+-------+
                                        4 rows in set (0.00 sec)


                            rename 修改表名

                                    mysql> alter table db1.t10 rename db1.classinfo;
                                    Query OK, 0 rows affected (0.12 sec)

                                    mysql> show tables;
                                    +---------------+
                                    | Tables_in_db1 |
                                    +---------------+
                                    | classinfo     |
                                    | t21           |
                                    +---------------+


            3.mysql键值
                    1)键值类型:
                            普通索引 index
                            唯一索引 unique
                            主键  primary key
                            外键  foreign key
                            全文索引 fulltext
                    作用: 约束如何给字段赋值
                            索引:
                                类似于书中的目录
                                对表中的字段值进行排序
                                索引类型包括Btree B+tree hash
                            索引优缺点:
                                优点:
                                通过创建唯一性索引,可以保证数据库表中 每一行数据的唯一性
                                加快数据查询速度,数据库总是查询多
                                缺点:
                                当对表中数据进行增加 删除 和修改 的时候 索引要动态调整 降低数据维护速度
                                索引需要占物理空间
                                存储在数据库根目录下

                    2)mysql键值使用
                            2.1普通索引 index
                                使用规则:
                                    -一个表中有多个index字段
                                    -字段的只允许重复,且可以赋值null
                                    -通常把查询条件的字段设置为index字段
                                    -index字段 标志为 mul
                                查看:
                                    show index from 表名\G; \G表示 竖着显示
                                创建索引:

                                    在创建表时创建索引:
                                        create table db1.t22(
                                        class char(9),
                                        name char(15),
                                        age int,
                                        index(name),index(age));
                                    查看:
                                        mysql> show index from db1.t22\G;
                                    删除索引:
                                         mysql> drop index aaa on classinfo;
                                    在已有的表中创建索引:
                                        create index 索引名 on 表名(字段名);
                                        mysql> create index aaa on classinfo(name);
                                        drop index 索引名 on 表名;
                            2.2 主键
                                    作用:限制字段赋值
                                    使用规则:
                                        字段值不能从重复,且不能赋null(核心作用)
                                        一个表中只能有一个primary key 字段
                                        多个字段都作为主键,称为复合主键,必须一起创建
                                        主键通常与 auto increment(自增长) 连用
                                        主键字段标志是pri
                                        通常把表中唯一表示的字段设置为主键
                                        [纪录字段编号]
                                    创建主键

                                        mysql> create table db1.t23(
                                        -> name char(10) primary key, ###设定主键
                                        -> age int,
                                        -> pay float(7,2)
                                        -> );

                                        mysql> insert into db1.t23 values("bob","25","2000");
                                             ERROR 1062 (23000): Duplicate entry 'bob' for key 'PRIMARY'

                                        mysql> insert into db1.t23 values("aaa","25","2000");
                                            Query OK, 1 row affected (0.09 sec)

                                        mysql> select * from t23;
                                            +------+------+---------+
                                            | name | age  | pay     |
                                            +------+------+---------+
                                            | aaa  |   25 | 2000.00 |
                                            | bob  |   25 | 2565.00 |
                                            +------+------+---------+

                                        在已有表中创建主键:
                                            创建主键
                                            alter table 表名 add primary key(字段名);

                                            mysql> desc db1.classinfo;
                                            +-------+--------------------------------+------+-----+---------+-------+
                                            | Field | Type                           | Null | Key | Default | Extra |
                                            +-------+--------------------------------+------+-----+---------+-------+
                                            | name  | varchar(15)                    | NO   | PRI |         |       |


                                        删除主键
                                            使用drop 删除
                                              mysql> desc t3;
                                              mysql> alter  table  t3 drop  primary key;
                                              mysql> desc t3;
                                              mysql> insert into t3  values("nsd181101","tom",19);
                                              mysql> insert into t3  values(null,"jerry",19);
                                                ERROR 1048 (23000): Column 'stu_num' cannot be null
                                              mysql> select  * from  t3;


                                    创建复合主键
                                        约束方式: 主键字段的值不可以同时重复
                                        创建主键
                                        在已有表中添加复合主键

                                            alter table db1.t25 add primary key(id,name);

                                            mysql> create table db1.t24(                                                         -> clientip char(15),
                                            -> serport int,
                                            -> clientip char(15),
                                            -> status enum("yes","no"),
                                            #########要创建多少 就在这里添加多少###########
                                            -> primary key(clientip,serport)
                                            -> );
                                            Query OK, 0 rows affected (0.21 sec)

                                        mysql> desc db1.t24;
                                            +----------+------------------+------+-----+---------+-------+
                                            | Field    | Type             | Null | Key | Default | Extra |
                                            +----------+------------------+------+-----+---------+-------+
                                            | clientip | char(15)         | NO   | PRI | NULL    |       |
                                            | serport  | int(11)          | NO   | PRI | NULL    |       |
                                            | status   | enum('yes','no') | YES  |     | NULL    |       |
                                            +----------+------------------+------+-----+---------+-------+

                                        mysql> insert into db1.t24 values ("1.1.1.1",22,"no");
                                        mysql> insert into db1.t24 values ("1.1.1.1",22,"yes");
                                        ERROR 1062 (23000): Duplicate entry '1.1.1.1-22' for key 'PRIMARY'
                                        mysql> insert into db1.t24 values ("1.1.1.1",80,"no");
                                        mysql> insert into db1.t24 values ("1.1.1.2",80,"yes");
                                        mysql> insert into db1.t24 values ("1.1.1.2",22,"no");

                                        mysql> select * from t24;
                                            +----------+---------+--------+
                                            | clientip | serport | status |
                                            +----------+---------+--------+
                                            | 1.1.1.1  |      22 | no     |
                                            | 1.1.1.1  |      80 | no     |
                                            | 1.1.1.2  |      22 | yes    |
                                            | 1.1.1.2  |      80 | yes    |
                                            +----------+---------+--------+


                                    主键通常与 auto increment(自增长) 连用
                                        mysql> create table db1.t25(
                                        -> id int primary key auto_increment,
                                        -> name char(15),
                                        -> age tinyint,
                                        -> sex enum("boy","girl")
                                        -> );
                                        mysql> desc db1.t25;
                                            +-------+--------------------+------+-----+---------+----------------+
                                            | Field | Type               | Null | Key | Default | Extra          |
                                            +-------+--------------------+------+-----+---------+----------------+
                                            | id    | int(11)            | NO   | PRI | NULL    | auto_increment |
                                            | name  | char(15)           | YES  |     | NULL    |                |
                                            | age   | tinyint(4)         | YES  |     | NULL    |                |
                                            | sex   | enum('boy','girl') | YES  |     | NULL    |                |
                                            +-------+--------------------+------+-----+---------+----------------+

                                        mysql> insert into db1.t25(name,age,sex)values("tencen","25","boy");
                                        mysql> insert into db1.t25(name,age,sex)values("bbbb","25","boy");
                                        mysql> insert into db1.t25(name,age,sex)values("aaa","25","boy");

                                        mysql> select * from t25;
                                            +----+----------+------+------+
                                            | id | name     | age  | sex  |
                                            +----+----------+------+------+
                                            |  1 | tencen   |   25 | boy  |
                                            |  2 | bilibili |   25 | boy  |
                                            |  3 | bilibili |   25 | girl |
                                            |  4 | luceey   |   16 | girl |
                                            +----+----------+------+------+
                                            4 rows in set (0.00 sec)
                                            删除表中的数据,生产环境不能这么干 不然跑路啊.
                                        mysql> delete from t25;
                                                Query OK, 6 rows affected (0.12 sec)

                                        mysql> insert into t25(name,age,sex)values("1080","120","girl");
                                               Query OK, 1 row affected (0.03 sec)
                                               除非给id从新设定为1 ,否则依然按照以前的值自加一s
                                        mysql> select * from t25;
                                            +----+------+------+------+
                                            | id | name | age  | sex  |
                                            +----+------+------+------+
                                            |  7 | 1080 |  120 | girl |
                                            +----+------+------+------+
                            2.3 外键
                                    作用:限制给字段赋值
                                        使得字段值在另一个表字段值范围内选择
                                    规则:
                                         表的存储引擎必须是innodb (之后会讲)
                                         字段类型要一致
                                         被参考字段必须要是索引类型的一种(通常为primary key)

                                         mysql> show create table db3.user \G; 可以查看到表引擎
                                    命令格式:
                                            create table 库.表1(
                                                字段列表,
                                                foreign key(字段名) references 表名2(字段名)
                                                ###指定外键 ,,,reference 后的表2代表被参考的表
                                                ###foreign 后的是需要参考表中的字段;;;;   也就是表1中字段   参考  表2中字段
                                                on update cascade  ###同步增加
                                                on delete cascade  ###同步删除
                                                )engine=innodb;
                                            创建外键
                                    eg:
                                                create table db1.yg(
                                                yg_id int primary key auto_increment,
                                                name char(15)
                                                )engine=innodb;

                                                insert into db1.yg(name)values("bob");
                                                insert into db1.yg(name)values("luci");
                                                insert into db1.yg(name)values("cd");


                                                mysql> select * from yg;
                                                        +-------+------+
                                                        | yg_id | name |
                                                        +-------+------+
                                                        |     1 | bob  |
                                                        |     2 | luci |
                                                        |     3 | cd   |
                                                        |     4 | cd   |
                                                        |     5 | bob  |
                                                        +-------+------+

                                                create table db1.gz(
                                                gz_id int,
                                                pay float(7,2),
                                                foreign key(gz_id) references yg(yg_id)  ####创建外键######
                                                on update cascade  ###同步删除
                                                on delete cascade  ###同步增加
                                                )engine=innodb;

                                                mysql> select * from gz;
                                                Empty set (0.00 sec)

                                                mysql> insert into gz values(1,2000);
                                                mysql> insert into gz values(4,200);
                                                mysql> insert into gz values(5,200);
                                                mysql> insert into gz values(6,200);
                                                mysql> insert into gz values(6,500);
                                                mysql> insert into gz values(6,5000);

                                                ##########更新###### 员工id#############
                                                mysql> update db1.yg set yg_id=6 where yg_id=3; ###讲yg_id=3,的换成yg_id=6，两个表中数据自动同步。
                                                Query OK, 1 row affected (0.03 sec)
                                                Rows matched: 1  Changed: 1  Warnings: 0

                                                mysql> select * from gz;
                                                +-------+---------+
                                                | gz_id | pay     |
                                                +-------+---------+
                                                |     4 |  200.00 |
                                                |     5 |  200.00 |
                                                |     6 |  200.00 |
                                                |     6 |  500.00 |
                                                |     6 | 5000.00 |
                                                |     1 | 2000.00 |
                                                +-------+---------+
                                                6 rows in set (0.00 sec)

                                                #########删除id=6 的 员工  gz 表中 也会消失 ##########

                                                mysql> delete from db1.yg where yg_id=6;
                                                Query OK, 1 row affected (0.05 sec)

                                                mysql> select * from gz;
                                                +-------+---------+
                                                | gz_id | pay     |
                                                +-------+---------+
                                                |     4 |  200.00 |
                                                |     5 |  200.00 |
                                                |     1 | 2000.00 |
                                                +-------+---------+
                                                3 rows in set (0.00 sec)

                                        mysql> delete from gz;

                                        mysql> alter table gz add primary key(gz_id);
                                            Query OK, 0 rows affected (0.43 sec)
                                            Records: 0  Duplicates: 0  Warnings: 0

                                            mysql> desc gz;
                                            +-------+------------+------+-----+---------+-------+
                                            | Field | Type       | Null | Key | Default | Extra |
                                            +-------+------------+------+-----+---------+-------+
                                            | gz_id | int(11)    | NO   | PRI | NULL    |       |
                                            | pay   | float(7,2) | YES  |     | NULL    |       |
                                            +-------+------------+------+-----+---------+-------+
                                            2 rows in set (0.00 sec)

                                        mysql> insert into gz values(5,200);
                                            ERROR 1062 (23000): Duplicate entry '5' for key 'PRIMARY'
                                        mysql> insert into gz values(null,200);
                                            ERROR 1048 (23000): Column 'gz_id' cannot be null
                                        mysql> insert into gz values(1,20z00);
                                            ERROR 1054 (42S22): Unknown column '20z00' in 'field list'
                                        mysql> insert into gz values(1,2000);
                                            Query OK, 1 row affected (0.02 sec)
                                            mysql> select * from gz;
                                            +-------+---------+
                                            | gz_id | pay     |
                                            +-------+---------+
                                            |     1 | 2000.00 |
                                            |     5 |  200.00 |
                                            +-------+---------+

                                    删除外键:
                                            show create table db1.gz\G;
                                            alter table db1.gz drop foreign key gz_ibfk_1;

                            在已有的表中添加外键 主键  自加(auto_increment)都是可以的 但是建立外键时需要数据匹配.

                                    ####向已有的表中添加外键#####
                                   alter table db1.gz
                                   add
                                   foreign key(gz_id) references db1.yg(yg_id)
                                   on update cascade on delete cascade
                                   engine=innodb;
                                   ####向已有表的中添加主键####
                                   alter table db1.yg
                                   modify
                                   yg_id int primary key auto_increment;



       DAY03 数据导入导出
            修改搜索路径
                mysql> show variables like "secure_file_priv";
                 默认路径 : /var/lib/mysql-files/
                 修改配置文件 :
                            [root@DBA ~]# mkdir /myload
                            [root@DBA ~]# chown mysql /myload
                            [root@DBA ~]# vim /etc/my.cnf

                                secure_file_priv="/myload"

                 重启服务:    systemctl restart mysqld
                 进入数据库查询位置是否修改:
                            mysql> show variables like "secure_file_priv";
            数据导入
                    默认只有root才能导入数据
                    建表
                    导入
                  注意事项:
                        字段分隔符要和文件一致
                        表字段类型和字段个数要和文件匹配
                        导入数据时指定文件的绝对路径
                  步骤:命令格式

                        mysql>load data infile "目录/文件"
                        into table库名.表名
                        fields terminated by "分隔符" #### 列
                        lines terminated by "\n";    #### 行


                  eg:
                        前面还要 创建文件夹 修改配置文件 重启服务
                    mysql   > load data infile "/myload/passwd" into table db3.usr fields terminated by ":" lines terminated by "\n";

            数据导出
                   作用:把表纪录存储到系统文件里
                   注意:导出数据有sql语句决定
                        导出的是表记录,不包括字段名
                        自动创建存储数据文件
                        存储数据文件,具有唯一性
                        注意导出文件是目录必须与secure_file_priv 目录一致(也就是说只能在这里导出)
                   命令:
                       1)select命令 into outfile "目录名/文件名";  ### 不指定 分隔符时 默认 分别为 \t  \n
                       2)select命令 into outfile "目录名/文件名"
                         fields terminated by "分割符"; ####指定列分隔符
                       3)select命令 into outfile "目录名/文件名"
                         fields terminated by "分割符"
                         lines terminated by "\n"  ####指定行分割符号
                   eg:
                       select * from db1.t23 into outfile "/myload/t23";
                       select * from db3.usr where id<=3 into outfile "/myload/user2.txt";

            表管理记录 (db3.usr)

                1.添加记录
                    命令格式
                    注意事项:
                            字段值与字段类型匹配
                            字符类型的字段 要用 ""括起来
                            依次给所有字段赋值时,字段名可省略
                            只给部分字段赋值时,必须明确对应字段名称
                            没有赋值的字段使用默认值,或自增长
                       添加一条记录给所有字段可以省略
                       insert into 表名 values(字段值列表);

                       mysql> insert into usr values(22,"lc","x",2000,2000,"test user","/home/bob","/bin/bash")

                       添加n行,给所有列赋值
                       insert into 表名 values(字段值列表1),(字段值列表2);

                       添加一条记录,给指定字段赋值
                       insert into 表名(字段名列表) values(字段值列表);

                       添加N条记录,给指定字段赋值
                       insert into 表名(字段名列表) values(字段值列表1),(字段值列表2),(字段值列表3);

                查看记录
                    查看记录注意:
                        * 表示查询所有字段
                        查看当前库表记录时库名可省略
                        字段列表决定显示列个数
                        条件决定显示行的个数
                    查看所有
                            select * from 库名.表名;
                    条件查询
                           select 字段1,字段N from 库名.表名 where 条件表达式;
                修改记录
                    注意:字段值与字段类型匹配
                        对于字符类型,值使用""起来
                        若不使用where限定条件,会更新所有记录字段值
                        限定条件,只更新匹配条件的记录字段的值
                    条件修改
                       update 表名 set 字段名=值,字段名=值,字段名=值,... where 条件;

                    修改所有
                       update 表名 set 字段名=值,字段名=值,字段名=值,... ;


                删除记录
                    注意: 不添加条件删除表中所有
                    条件删除
                        delete  from 库名.表名 where 条件表达式;
                    删除所有
                        delete  from 库名.表名 ;


            匹配条件
               基本匹配条件(适用于select \ update \ delete)

                    数值比较   > < >= <= = !=
                        符号两边要求是数值类型
                        eg
                            select * from usr where id<=6;
                            select * from usr where uid=gid;

                    字符比较
                        =   !=  is null  is not null
                        eg:
                            select name,uid,gid from usr where uid=gid;
                            select from usr where name is null;

                    范围内比较
                         in       not in      between ...  and ....
                         eg:
                            select name from usr where name in ("root","adm","mysql");
                            select name,uid from user where uid in (3,5,7,9);
                            select name,shell from usr where shell not in ("/bin/bash","/sbin/nologin");
                            select name uid from usr where uid between 50 and 100;
                    逻辑比较
                        逻辑与  and  && (多个判断条件同时成立)
                        逻辑或  or   || (多个判断条件,某个条件成立 )
                        逻辑非  not   !
                        eg:
                            select * from usr where name="root" and uid=1 and shell="abc";
                            select * from usr where name="root" && uid=1 && shell="abc";

                    空\非空
                        is null / is not null
                        eg:
                            select id from user where shell is null;
                            select name from usr where shell is not null;
                    去掉重复数据
                            distinct
                            select distinct shell from usr where uid>10;
                            select distinct shell from usr where uid>=10;
                            select distinct shell from usr;
               高级匹配条件(适用于select \ update \ delete)
                    模糊查询
                                              _ 表示一个
                                              % 表示0-n个字符

                        select name from usr where name like "____"; ##匹配任意四个字符 ,这里起始是四个_
                        select name from usr where name like "_%_"; ##匹配任意字符
                        select name from usr where name like "a%";  ##以a开头
                        select name from usr where name like "%a%"; ##必须包含a


                    正则匹配
                        语法: where 字段号 regexp '正则表达式';
                        正则符号:^ $ [] | *
                        select name from usr where name regexp  '^r|y$'; ### r开头 或者 y 结尾
                        select name from usr where name regexp  '^r.*y$';  ### .* 任意字符的任意次数, .任意字符 *前一个字符的任意次数
                        select name,uid from usr where uid regexp  '^....$'; ###四位数字
                        insert into usr(name)values("yaya9"),("7yaya"),("ya8ya");
                        select name,uid from usr where uid regexp  '[0-9]';
                    四则计算
                     + - * /
                     select name,uid,gid,uid+gid sum from usr where name="bin";
                     select name,uid,gid, uid+gid sum from usr; ###将所有的uid和gid相加
                     select name,uid,gid,(uid+gid)/2 ava from usr where name="root";
                         +------+------+------+--------+
                        | name | uid  | gid  | ava    |
                        +------+------+------+--------+
                        | root |    0 |    1 | 0.5000 |
                        +------+------+------+--------+

                     update usr set gid=gid+1; ### 每一个gid+1

                     alter table usr add age tinyint unsigned default 19 after name;
                     select name,age, 2019-age your_age from usr where name="root";
                        +------+------+----------+
                        | name | age  | your_age |
                        +------+------+----------+
                        | root |   19 |     2000 |
                        +------+------+----------+

               操作查询结果(适用于select)

                     select count(字段名) from usr; 求字段值的个数
                     select min(字段名) from usr;   求字段值的最小值
                     select avg(字段名) from usr;   求字段值的平均值
                     select sum(字段名) from usr;   求字段值的总和
                     select max(字段名) from usr;   求字段值的最大值
                     eg:
                         统计表中所有的行数
                         select count(*) from usr;
                         统计uid的 平均数
                         select avg(uid) from usr;


                     查询结果排序

                         SQL查询 order by 字段名 [asc|desc];
                         -asc 升序列 小--->大  ###默认
                         -desc 降序列 大-->小
                         eg:

                            升序排
                            select name,uid from usr where uid>=10 and uid<=500 order by uid; ##默认省略asc
                                    +-----------------+------+
                                    | name            | uid  |
                                    +-----------------+------+
                                    | operator        |   11 |
                                    | games           |   12 |
                                    | ftp             |   14 |

                            降序排
                            select name,uid from usr where uid>=10 and uid<=500 order by uid desc;
                                    +-----------------+------+
                                    | name            | uid  |
                                    +-----------------+------+
                                    | systemd-network |  192 |
                                    | nobody          |   99 |
                                    | dbus            |   81 |
                                    | sshd            |   74 |

                     查询分组
                        SQL查询 group by 字段名;
                        eg:
                            select shell from usr group by shell;
                            select shell from usr where uid<=1000 group by shell;
                            select gid from usr group by gid;
                            mysql> select shell,count(shell)from usr group by shell;
                            +----------------+--------------+
                            | shell          | count(shell) |
                            +----------------+--------------+
                            | NULL           |            0 |
                            | /bin/bash      |            5 |
                            | /bin/false     |            1 |

                     查询结果过滤
                            SQL查询 having 条件;
                       eg:
                        select name from usr where id<20 having name="adm";
                        +------+
                        | name |
                        +------+
                        | adm  |
                        +------+
                     限制查询结果的查询行数
                            SQL查询 limit 数字; ##显示查询结果前多少条记录
                            SQL查询 limit 数字1,数字2; ###显示指定范围内的查询记录
                            数字1 起始行(0表示第一行)
                            数字2 总行数

                            eg:
                                select id,name,password from usr where id<=20; ###默认全部输出
                                select id,name,password from usr where id<=20 limit 10;
                                select id,name,password from usr where id<=20 limit 5;
                                select id,name,password from usr where id<=20 limit 0,2; ###从第一行开始输出 共输出两行
                                select id,name,password from usr where id<=20 limit 1,3; ###从第二行开始输出 共输出三行

            常见的mysql 管理工具

                     phpMyAdmin  浏览器端      需要LNMP支持  开源 免费

                     yum -y install httpd php-mysql php
                     systemctl restart httpd.service
                     systemctl enable httpd.service
                     tar -xf phpMyAdmin-2.11.11-all-languages.tar.gz
                     ls
                     mv phpMyAdmin-2.11.11-all-languages phpMyAdmin
                     cp phpMyAdmin /var/www/html/
                     cd /var/www/html/phpMyAdmin
                     cp config.sample.inc.php config.inc.php
                     vim config.inc.php
                     31  $cfg['blowfish_secret'] = 'plj123';  /* YOU MUST FILL IN THIS FOR COOKIE AUTH! */      ### cookie 认证参数  随便修改为什么
                     17  $cfg['Servers'][$i]['host'] = 'localhost'; ###数据库服务器地址
                     systemctl restart httpd.service

                     访问软件管理数据库服务
                     http://192.168.4.50/phpmyadmin
                     用户名 root
                     密  码 tarena (之前设置的数据可密码)



                     ##########数据库管理员必备知识 (必须会)4, 5################
       DAY04

            用户授权
                1.1 用户授权: 在数据库服务器上添加新用户授权 默认允许数据库管理员本机登录
                    远程访问数据库服务器
                    mysql -h192.168.4.50 -ubob -p123aaa...
                1.2 命令
                    grant 权限列表 on 库名 to 用户名@"客户端地址" identified by "密码"
                    with grant option; ###有授权权限(使该用户可以使用授权命令).可选项

                    权限列表:
                        all //所有权限
                        usage //无权限
                        select,update,insert  //个别权限
                        select,update(字段1,....字段N)  //指定字段权限,只对指定字段有权限
                    库名:
                        *.* //所有数据库
                        库名.* //一个库
                        库名.表名 //一张表
                    用户名:
                        授权时自定义,有标示性
                        存储在mysql库中的user中
                    客户端地址:
                        %           //表示 全部主机
                        192.168.4.% //一个网段
                        192.168.4.253 //一个ip
                        localhost  //数据库服务器主机

                        授权用户
                    eg: mysql> grant all on db4.* to yaya@"%" identified by "123aaa.."

                1.3 相关命令

                    登录用户使用:
                        select user();  ####显示登录用户以及客户端地址

                        show grants;    #####用户显示自身访问权限

                        show grants for #####管理员查看已有授权用户权限, 注意这里 grants 里的s 不要漏写
                        用户名@"客户端地址";

                        set password=   #####授权用户修改连接密码 修改数据库密码
                        password("密码");

                        set password for #####管理员重置用户连接密码
                        用户名@"客户端地址"=
                        password("密码");

                        drop user
                        用户名@"客户端地址";  删除授权用户(必须有管理员权限)

                        grant all on *.* to root@"%" identified by "123qqq...A";
                        *.* 所有库的所有表, 指定某个也可以用  库.表 ,在某个库下对整个库授权授权时,可以不用写 .*,
                        添加用户授权
                1.4 授权库

                    mysql库              记录授权信息
                    user表               记录已有的授权用户
                    db表	                 记录已有的授权用户对数据库的访问权限
                    tables_priv          记录已有的授权用户对表的访问权限
                    columns_priv         记录已有的授权用户对字段的访问权限

                        desc mysql.user; 关注 Host(主机地址) User(用户名) 字段
                        select hosts,name from mysql.user;
                        show grants for user@"host";

                        desc mysql.db;   关注 db字段
                        select host,user,db from mysql.db;
                        select * from mysql.db where db="db3" and user="admin2" and host="localhost" \G;
                        show grants for admin2@"localhost"; ###这条命令结果是上条命令结果的另一种表示
                        ####修改表字段
                        update mysql.db set Drop_priv="Y" where host="localhost" and db="db3" and user="admin2";
                        flush privileges; ####重新加载表记录

                        desc tables_priv;
                        select * from mysql.tables_priv;
                        select host,user,db,Table_name from tables_priv;
                        select * from tables_priv where Table_name="user" and db="db3"\G;  ###查看用户对表有什么权限

                        desc columns_priv;
                        select * from columns_priv;
                        select * from columns_priv;
                        [root@DBA ~]# mysql -uadmin3 -p123qqq...A
                        show grants;
                        select * from db3.user
                        update db3.user set age=18;
                        erro
                        update db3.user set passwd="H";
                        SELECT * FROM db3.user;

                1.5 撤销权限
                    回收授权用户的权限
                    命令:
                        revoke 权限列表 on 库名.表名 from 用户名@"客户端地址";
                    eg:
                        revoke insert,drop on db3.user from admin3@"localhost";
                        show grants for admin3@"localhost";
                        revoke all on *.* from mydba@"%"; ##撤销所有权限
                        select user,host from mysql.user ##查看所有的授权用户
                        show grants for mydba@"%";       ##查看指定用户的权限
                        revoke grant  option on *.* from mydba@"%"; ##撤销权限
                        show grants for mydba@"%";     ##查看权限

                1.6 数据库root密码
                    恢复数据库root密码
                        你需要知道 系统的root 密码
                        方法:
                            1.停止mysql服务程序
                                systemctl stop mysqld.service

                            2.跳过授权启动mysql服务程序
                                vim /etc/my.cnf
                                skip-grant-tables
                                #validate_password_policy=0   ####密码策略

                                #validate_password_length=6   ####密码长度
                                ]# mysql  ###跳过了密码验证,不输入密码 直接进入数据库
                            3.修改数据库ROOT密码
                                authentication_string 为mysql.user 中的字段;作用是储存 用户密码(授权用户)
                                mysql> update mysql.user set authentication_string=password("123qqq...A") where user="root" and host="localhost";
                                Query OK, 1 row affected, 1 warning (0.02 sec)
                                Rows matched: 1  Changed: 1  Warnings: 1

                                mysql> flush privileges; ###刷新配置文件
                                 #skip-grant-tables
                                 validate_password_policy=0

                                 validate_password_length=6
                            4.以正常的方式重启mysql
                                systemctl restart mysqld.service
                                mysql -uroot -p123qqq...A

                    重置数据库root密码
                    mysqladmin -uroot -p password "tarena" ###新密码
                    Enter password:                        ###旧密码
            备份
                2.1数据备份方式
                    物理备份
                        冷备份  cp tar...
                            先停止mysql服务,恢复后重启
                        备份    eg:
                                 cp -r /var/lib/mysql 备份目录/mysql.bak  ### -r 包含文件夹复制
                                 tar -zcvf /root/mysql.tar.gz  /var/lib/mysql
                        恢复    eg:
                                 rm -rf/var/lib/mysql
                                 cp -r 备份目录/mysql.bak /var/lib/mysql
                                 tar -zxvf /root/mysql.tar.gz -C /var/lib/mysql/
                                 chown -R mysql:mysql /var/lib/mysql   ###修改属主属组,由于cp命令 由root执行,所以拷贝过来后属主 为root(不修改属主,属组) ,mysql无法读取
                    逻辑备份
                        完全备份
                            完全备份备份所有数据
                            备份命令:
                                 mysqldump //备份命令
                                 ]# mysqldump -uroot -p密码 库名 > 目录/xxx.sql(目录自己创建)


                                    备份时库名的表示方式  --all-database 或 -A //所有库
                                    数据库名                                 //单个
                                    数据库名 表名                             //单张表, 注意这里没有 .  只是空格
                                    -B 数据库1 数据库2                        //多个库
                                 scp 给其他服务器
                            恢复命令
                                完全恢复
                                ]# mysql -uroot -p 密码 [库名] < 目录/xxx.sql

                        增量备份
                            备份上次备份后产生的所有数据  ###和上一次备份比较
                            核心: 使用mysql的binlog日志 进行恢复(重要)
                            1.使用binlog日志恢复数据
                                binlog日志是什么:
                                        1)二进制文件
                                        2)mysql服务日志文件的一种
                                        3)记录出查询之外的sql命令
                                        4)可用于数据备份和恢复
                                        5)配置mysql主从同步的必要条件
                                查看日志格式

                                    mysql> show variables like "%binlog%";
                                    mysql>show variables like "binlog_format";

                                启用日志:
                                        文件类型:
                                        server_id=数字 1-255
                                         log-bin[=目录/文件名]
                                         max_binlog_size=数值m ##默认1G,超过1G后生成新文件
                                         主机名-bin.index 索引文件
                                         主机名-bin.00000001 第一个二进制文件
                                         主机名-bin.00000002 第二个二进制文件
                                        ###############################
                                启用:    vim /etc/my.cnf
                                        [mysql]
                                        log-bin     //启用binlog日志
                                        server_id   //指定id值 唯一
                                手动生成 binlog文件
                                    执行后不管文件是否达到设定的默认值,都会生成新的binlog文件
                                    1.systemctl restart mysqld  ###生产环境 不要用第一个.用2,3
                                    2.mysql> flush logs;
                                        或 ]# mysql -uroot -p密码 -e 'flush logs'
                                        备份数据库时 也可以 重新生成 日志文件
                                    3.mysqldump -uroot -p密码 --flush-logs 库 > /xxx.sql
                                清除日志
                                    清除所有
                                    mysql> reset master;
                                    清除指定编号之前的binlog文件
                                    mysql> purge master logs to "DBA-bin.000004";  ###这里 DBA 是主机名 000004 是文件数(这里是指第四个文件)
                                启用日志时自定义日志文件存储目录和文件名
                                    vim /etc/my.cnf
                                    #############将log_bin 修改为如下 dba50 为文件名###########

                                    log_bin=/mylog/dba50
                                    [root@DBA ~]# mkdir /mylog/
                                    ###################将属主修改为mysql,否则mysql无法读取############3

                                    [root@DBA ~]# chown mysql /mylog
                                    [root@DBA ~]# systemctl restart mysqld
                                    [root@DBA ~]# ls /mylog/*
                                    /mylog/dba50.000001  /mylog/dba50.index
                                    ############显示日志信息##########
                                    mysql>show master status;

                            2.恢复数据 (使用binlog日志恢复)
                                日志格式 (日志如何记录多条命令)
                                    查看日志当前就格式
                                    mysql> show variables like "binlog_format";
                                    ######修改日志格式

                                    [root@DBA ~]# vim /etc/my.cnf
                                    ####添加如下

                                    binlog_format="mixed"   三种记录方式 :statement 报表模式
                                                                        row       行模式
                                                                        mixed     混合模式
                                分析日志
                                    日志如何区分记录多条SQL命令
                                        偏移量
                                        时间点

                                    查看日志内容:
                                       ]# mysqlbinlog [选项] binlog文件
                                        选项:
                                        --start-datetime="yyyy-mm-dd hh:mm:ss"   ###起始时间
                                        --stop-datetime="yyyy-mm-dd hh:mm:ss"    ###结束时间
                                        --start-position=数字                     ###起始偏移量
                                        --stop-position=数字                      ###结束偏移量
                                        基本思路: 使用mysqlbinlog 提取历史mysql 操作日志
                                                 通过mysql 命令执行
                                    命令格式:
                                            mysqlbinlog 日志文件 | mysql -uroot -p密码

                                            日志文件默认位置 : /var/lib/mysql/  但文件位置可以在mysql配置文件修改 /etc/my.cnf 中log_bin=/mylog 字段

                                            //仅执行指定范围内记录的sql命令
                                            ]# mysqlbinlog --start-position=293  --stop-position=958  \

                                eg:使用编号为1的日志恢复数据
                                   mysqlbinlog /tmp/dba50.000001 |mysql -uroot -ptarena
                                   select * from usr;


                        差异备份
                            备份完全备份后,所有新产生的数据 ###只能和上次完全备份,比较



   DAY05  备份
        innobackupex

        查看创建信息
        mysql> show create table db3.user \G; 可以查看到表引擎
        查看软件支持的数据引擎
        mysql> show engines; 注意这里的 s
        常用的mysql备份工具
            物理备份的缺点:
                跨平台差
                备份时间长.冗余备份 浪费存储空间
            mysqldump 备份缺点
                效率低 备份还原慢 锁标
                备份中,数据插入和更新操作被阻塞
        PERCONA
            Xtra Back
                在线热备份工具
                备份过程不锁表 适合生产环境
                专业组织PERCONA 提供 (盖井mysql分支)
            主要包含两个组件
                xtrabackup: c程序支持Innodb/Xtradb
                innobackupex:以per脚本封装的xtrabackup.支持myISAM

            install
                需要依赖包:libev-4.15-1.el6.rf.x86_64.rpm
                安装:
                    yum -y install /root/percona-xtrabackup-24-2.4.7-1.el7.x86_64.rpm
                查看安装列表
                    [root@DBA ~]# rpm -ql percona-xtrabackup-24
                    /usr/bin/innobackupex   //备份innodb \ xtradb \ myisam 引擎表
                    /usr/bin/xtrabackup     //备份innodb \ xtradb 引擎表
                    常用选项:
                            --host        主机名
                            --user        用户名
                            --port        端口
                            --password
                            --databases   --databases="库1 库2" / ---databases="库.表" 不加库则备份全部
                            --no-timestamp  不使用日期时间命名备份文件储存的子目录
                            --redo-only     日志合并
                            --apply-log     准备恢复数据
                            --copy-back     拷贝数据
                            --incremental 目录名               增量备份
                            --incremental-basedir=目录名       增量备份时,指定上一次备份书记的存储目录名
                            --incremental-dir=目录名           准备恢复数据时,指定增量备份数据存储的目录名
                            --export         导出表信息 frm
                            import           导入表空间  idb
                命令:
                    完全备份
                        ]# innobackupex --user 用户名 --password 密码 全备份目录名 --no-timestamp
                    完全恢复
                        ]# innobackupex --apply-log 全备份目录 //准备恢复数据
                        ]# innobackupex --copy-bak 全备份目录  //恢复数据
                    增量备份
                        ]# innobackupex  --user 用户名 --password 密码 --incremental 增量备份目录 --incremental-basedir=全备份目录 --no-timestamp
                    增量恢复
                        ]# innobackupex  --apply-log --redo-only 全备份目录--incremental-dir=增量备份目录 //准备恢复
                        ]# innobackupex --copy-back 全备份目录 //恢复数据


        innobackupex 备份与恢复
            完全备份
                   192.168.4.50
                   ]# innobackupex --user root --password tarena /allback
                   ]# ls /allback/
                   ]# scp -r /allback/ root@192.168.4.51:/root/
            完全恢复
                    4.51
                    安装 软件
                    ]# innobackupex --apply-log allback/2019-06-14_14-56-25/
                    ]# innobackupex --copy-back allback/2019-06-14_14-56-25/
                    ]# chown -R mysql:mysql /var/lib/mysql  #### 由于是root执行的 命令所以 需要修改整个文件夹 属主 属组
                    ]# systemctl restart mysqld


            部分恢复
                删除表空间
                    mysql> alter table 库.表 discard tablespace;
                导出表信息
                    ]# innobackupex --apply-log --export /allback/2019-06-14_14-56-25/
                拷贝表信息文件到数据库目录
                    ]# cp /allback/2019-06-14_14-56-25/db3/usr.{cfg,ibd,exp} /var/lib/mysql/db3
                修改表信息文件所有者改为mysql
                    ]# chown mysql:mysql /var/lib/mysql/db3/usr.*
                导入表空间
                    mysql> alter table 库.表 import tablespace;
                删除数据库目录下的表信息文件
                      308  rm -rf /var/lib/mysql/db3/usr.exp
                      309  rm -rf /var/lib/mysql/db3/usr.cfg

                查看表记录
                    mysql>select * from 库.表;

            增量备份
                192.168.4.50

                增量备份前需要一个全备份,在做增量
                ]# innobackupex --user root --password tarena /fullback  //全备份
                                                                         //创建增量备份
                ]# innobackupex  --user root --password tarena --incremental newdi1 --incremental-basedir=/fullback --no-timestamp
                ]# innobackupex  --user root --password tarena --incremental newdi2 --incremental-basedir=/fullback --no-timestamp




            增量恢复
                192.168.4.51

                将fullback 和 newdir1 newdir2 拷贝到 51

                ]# systemctl stop mysqld.service
                ]# rm -rf /var/lib/mysql/*
                ]# innobackupex --apply-log --redo-only /root/fullback/  //准备备份
                ]# innobackupex --apply-log --redo-only /root/fullback/ --incremental-dir=/root/newdir1   //合并备份
                ]# innobackupex --apply-log --redo-only /root/fullback/ --incremental-dir=/root/newdir2   //合并备份
                ]# innobackupex --copy-back /root/fullback/   //恢复数据
                ]# chown -R mysql:mysql /var/lib/mysql    //赋予权限
                ]# systemctl restart mysqld //重启服务

                ]# mysql -uroot -ptarena



   进阶
       DAY06
            max-connections MySQL服务的最大并发连接数

            mysql 数据库主从同步
                什么是: 实现数据自动同步
                    主服务器:接受客户端访问链接
                    从服务器:自动同步主服务器数据


                拓扑: 主: 192.168.4.51
                     从:  4.52
                     客户端: 4.50
                原理:
                    Master
                          必须开启 binlog日志
                    Slave
                          i/o 线程 : 负责读取master的binlog,存储到relay-log(中继日志文件 )
                          sql 线程 : 执行relay-log 中的 sql语句 保证 数据与主服务器一致
                          线程是进程的最小运行单位


                    如何将配置完成的主从结构恢复到无主从结构的状态

                        删除主服务器中的 /var/lib/mysql/
                          master.info
                          relay-log.info
                          主机名-relay-bin.xxxx
                          主机名-relay-bin.index
                          重启服务即可恢复 没有主从的状态

                构建方案:
                    配置主库
                          51
                        启动binlog日志\授权用户\确保与主服数据库一致
                            启动binlog日志
                                vim /etc/my.cnf
                                    添加如下
                                    log-bin=db51 //启动binlog
                                    server_id=51 //指定server id  //该id唯一
                            授权用户
                                不需要给予全部权限 只需要给予 replication和slave 就好
                                mysql> grant replication slave on *.* to repluser@'%' identified by "123qqq...A";

                        确保与主服数据库一致
                            4.51
                                生成 备份文件
                                ]#  mysqldump -uroot -ptarena --master-data -A > /a.sql
                                将文件传递给52
                                ]# scp /db3.sql /a.sql  root@192.168.4.52:/root/
                            4.52
                                给52中导入51的数据
                                ]# mysql -uroot -ptarena < /root/a.sql

                    配置从服务器
                        设置server_id\指定主库信息\启动slave程序
                            设置server_id
                                4.52
                                server id 区分主从
                                    vim /etc/my.cnf
                                        添加如下
                                        server_id=52
                            指定主库信息
                                需要先确认 主从数据库文件是否一致
                                vim a.sql
                                    22行
                                    找到 `CHANGE MASTER TO MASTER_LOG_FILE='db51.000001', MASTER_LOG_POS=441;`
                                    如果期间 主库重启会导致主库的binlog日志改变,那么这里填的数据将会按照新的binlog日志数据填写
                                mysql> change master to master_host="192.168.4.51",
                                        -> master_user="repluser",master_password="123qqq...A",
                                        -> master_log_file="db51.000001",master_log_pos=441;
                                        //确保主服务器使用的binlog日志与你在这里填写的相同
                                        填入 master|_log_file(binlog日志) 和 master_log_pos(偏移量)
                                        核心:从库链接到主库,按照主库的binlog日志执行,完成后两个数据库就同步完成了.
                            启动slave程序

                                mysql> start slave; //启动slave
                                mysql> show slave status\G;  //查看状态
                                    检查如下是否为yes, host 是否正确
                                    主要抓住两个线程 io线程 sql线程
                                        Slave_IO_Running: Yes
                                        Slave_SQL_Running: Yes

                                    stop slave 停止slave服务

                            从服务器的配置文件
                                位置 /var/lib/mysql/
                                master.info                   主库信息
                                relay-log.info                中继日志信息
                                主机名-relay-bin.xxxx          中继日志
                                主机名-relay-bin.index         索引文件

                            启动slave失败解决方法
                                最简单的方法:
                                    把从库数据可恢复为独立的数据服务器,重新配置
                                    rm -rf master.info relay-log.info host52-relay-bin.*c
                                    systemctl restart mysqld
                                    重新配置主库信息
                                     查看上面笔记



                            测试配置:
                                51的数据库管理员在本机创建新的数据库和表

                                    mysql> create table user4(name char(15));
                                    mysql> insert into user4 values("chihiro");
                                    Query OK, 1 row affected (0.10 sec)

                                    mysql> insert into user4 values("chihiro2");
                                    Query OK, 1 row affected (0.12 sec)

                                    mysql> insert into user4 values("chihiro22");
                                52数据库管理员在本机查看
                                    mysql> select * from db3.user4;
            主从同步模式
                结构类型:
                    一主多从
                    主从从
                    主主


                配置主服务器53
                    ]# vim /etc/my.cnf
                       [mysqld]
                        server_id=53
                        log-bin=db53
                       :wq

                    ]# systemctl  restart mysqld

                    ]# mysql -uroot -p密码
                    mysql> grant replication slave on  *.*
                        to repluser@"%" identified by "123qqq...A";

                    mysql> show  master status;
                    +-------------+----------+--------------+------------------+-------------------+
                    | File        | Position | Binlog_Do_DB | Binlog_Ignore_DB | Executed_Gtid_Set |
                    +-------------+----------+--------------+------------------+-------------------+
                    | db53.000001 |      441 |              |                  |                   |
                    +-------------+----------+--------------+------------------+-------------------+

                    配置从服务器54

                    ]# vim /etc/my.cnf
                        [mysqld]
                        server_id=54
                        log-bin=db54
                        log_slave_updates
                    :wq
                    ]# systemctl  restart mysqld

                    ]# mysql -uroot -p密码
                    mysql> grant replication slave on  *.*  to  repluser2@"%" identified by "123qqq...A";
                    Query OK, 0 rows affected, 1 warning (0.02 sec)

                    mysql> show master status;
                    +-------------+----------+--------------+------------------+-------------------+
                    | File        | Position | Binlog_Do_DB | Binlog_Ignore_DB | Executed_Gtid_Set |
                    +-------------+----------+--------------+------------------+-------------------+
                    | db54.000001 |      442 |              |                  |                   |
                    +-------------+----------+--------------+------------------+-------------------+
                    1 row in set (0.00 sec)

                    mysql> change master to  master_host="192.168.4.53",master_user="repluser",
                        -> master_password="123qqq...A",master_log_file="db53.000001",master_log_pos=441;
                    Query OK, 0 rows affected, 2 warnings (0.22 sec)

                    mysql> start slave;
                    Query OK, 0 rows affected (0.03 sec)

                    mysql> show slave status\G;
                     Slave_IO_Running: Yes
                            Slave_SQL_Running: Yes
                    Master_Host: 192.168.4.53

                配置从服务器55
                    ]# vim /etc/my.cnf
                        [mysqld]
                        server_id=55
                    :wq

                    ]# systemctl  restart mysqld
                    ]# mysql  -uroot -p密码
                    mysql> change master to  master_host="192.168.4.54",master_user="repluser2",
                    master_password="123qqq...A",master_log_file="db54.000001",master_log_pos=442;

                    mysql> start slave ;
                    mysql> show slave status\G;
                        Master_Host: 192.168.4.54
                        Slave_IO_Running: Yes
                            Slave_SQL_Running: Yes

                测试配置
                        在主服务器本机创建新库新表插入记录
                        在2台从服务器本机可以查看到同样的库表及记录

                        53 mysql>
                           create database bbsdb;
                           create table bbsdb.a(id int);
                           insert into bbsdb.a values(99);

                        54/55 mysql>
                           select  * from bbsdb.a;



                配置一主多从结构
                    要求把4.53配置为51的从服务器

                    53配置如下:
                            1.验证主服务器授权用户
                            2.指定server id
                            3.与主库数据一致
                            4.配置slave,指定主服务器信息
                            5.启动slave,查看slave信息

            复制模式
                   模式分类:
                            异步复制\全同步复制模式\半同步复制模式

                       异步:主库执行完一次事物后,立即将结果返回给客户端,并不关心库是否已经接受并处理
                       全同步:当主库执行完事物,却所有从库都执行该事物后才将结果返回客户端
                       半同步复制: 主库执行完成事物,等待至少一个库接收并写入relay log中才将结果返回客户端

                       同步中默认为异步模式
                       修该主和从的复制模式,并且模式需要匹配.

                   配置半同步复制模式
                        主 53 从主 54 从55
                                命令行配置 立刻生效,重启失效,配置文件,重启生效,
                        命令行配置

                                加载模块 (主/从模块)
			                        INSTALL PLUGIN rpl_semi_sync_master  SONAME  'semisync_master.so’;
			                        INSTALL PLUGIN rpl_semi_sync_slave  SONAME  'semisync_slave.so’;
                                启用模块
                                      mysql> SET GLOBAL rpl_semi_sync_master_enabled = 1;
                                      mysql> SET GLOBAL rpl_semi_sync_slave_enabled = 1;
                                查看
                                      mysql> show  variables  like  "rpl_semi_sync_%_enabled";

                                修改主配置文件使其永久有效
                                   ]# vim /etc/my.cnf
                                                  [mysqld]
                                                  //加载模块
                                                  plugin-load=rpl_semi_sync_slave=semisync_slave.so;rpl_semi_sync_master=semisync_master.so //加载模块
                                                  rpl_semi_sync_master_enabled=1  //启用半同步复制模式
                                                  rpl_semi_sync_slave_enabled=1  //启用半同步复制模式
                                               :wq
                                            ]# systemctl restart  mysqld
                                            ]# mysql  -uroot -ptarena
                                            //查看插件是否安装
                                            mysql> SELECT  PLUGIN_NAME, PLUGIN_STATUS FROM INFORMATION_SCHEMA.PLUGINS  WHERE PLUGIN_NAME LIKE '%semi%';

                                            mysql> show  variables  like  "rpl_semi_sync_%_enabled";// 查看 两个插件是否启动


       DAY02

            一.数据库读写分离

                1.1数据读写分离介绍

                1.2数据对读写分离的优点
                    减轻主服务器的工作压力,提高服务器的硬件利用率
                1.3配置数据读写分离
                    程序实现      程序员写代码实现
                    部署服务实现  在客户端部署读写分离
                1.4拓扑结构
                     master--------------  slave
                     4.51                 4.52
                       |
                      读写
                      mysql代理-----------linux客户机
                      4.57                  4.50
                1.5环境准备
                    配置主从
                        主 : 启动binlog 授权用户 配置server id
                        从 : 配置server id 指定主库信息 启动slave
                    配置ip
                1.6配置代理
                    可以提供代理的软件有许多
                        mysql-procy
                        mycat ...

                        maxscale是其中一种 (数据库读写分离)
                    1.6.1 配置软件
                        yum -y install /root/maxscale-2.1.2-1.rhel.7.x86_64.rpm
                        rpm -ql maxscale //检查 生成文件位置
                    1.6.2 修改代理服务的主配置文件
                        cp /etc/maxscale.cnf /root/ //备份主配置文件
                        /var/log/maxscale/ log存放位置
                        vim /etc/maxscale.cnf
                        [maxscale]
                     10 threads=auto//修改线程数量,多少核给多少个,或者直接auto
                      // 定义两台数据库服务器
                     18 [server1]
                     19 type=server
                     20 address=192.168.4.51
                     21 port=3306
                     22 protocol=MySQLBackend

                     25 [server2]
                     26 type=server
                     27 address=192.168.4.52
                     28 port=3306
                     29 protocol=MySQLBackend
                      //指定监控服务器 ,用户, 密码
                     36 [MySQL Monitor]
                     37 type=monitor
                     38 module=mysqlmon
                     39 servers=server1, server2
                     40 user=maxscalemon
                     41 passwd=123qqq...A
                     42 monitor_interval=10000
                      //注销 read only 部分
                      [Read-Only Service]
                      //读写分离
                     64 [Read-Write Service]
                     65 type=service
                     66 router=readwritesplit
                     67 servers=server1, server2  //注意添加server
                     68 user=maxscalerouter   //路由用户
                     69 passwd=123qqq...A
                     70 max_slave_connections=100%
                      //注销  R-O-L
                     86 #[Read-Only Listener]
                     //查看 RWL 端口 与 管理端口必须不同
                     95 port=4006
                      //指定 管理端口
                     98 [MaxAdmin Listener]
                     102 port=4016


                    1.6.3 配置数据库服务器
                        创建监控用户
                        mysql>grant replication slave, replication client on *.* to maxscalemon@"%" identified by "123qqq...A";
                        创建路由用户
                        mysql> grant select on mysql.* to maxscalerouter@"%" identified by "123qqq...A";
                        这两步可以只在主库上做 因为主从同步 这个操作会在从库上同步完成
                    1.6.4 启动代理服务器
                        maxscale -f 配置文件位置
                        [root@dba57 ~]# maxscale -f /etc/maxscale.cnf
                        不要使用 systemctl start maxscale 这么启动 //否则使用 maxadmin 不能进入 管理界面

                    1.6.5 查看服务状态
                        [root@dba57 ~]# ss -antulp | grep 4016
                        tcp    LISTEN     0      128      :::4016                 :::*                   users:(("maxscale",pid=1869,fd=12))
                        [root@dba57 ~]# ss -antulp | grep 4006
                        tcp    LISTEN     0      128      :::4006                 :::*                   users:(("maxscale",pid=1869,fd=11))
                        [root@dba57 ~]# ls /var/log/maxscale/
                        maxscale.log
                        [root@dba57 ~]# ps -C maxscale
                          PID TTY          TIME CMD
                         1869 ?        00:00:00 maxscale
                        //进入软件查看管理服务
                        [root@dba57 ~]# maxadmin  -uadmin -pmariadb -P4016
                        MaxScale> list servers
                        Servers.
                        -------------------+-----------------+-------+-------------+--------------------
                        Server             | Address         | Port  | Connections | Status
                        -------------------+-----------------+-------+-------------+--------------------
                        server1            | 192.168.4.51    |  3306 |           0 | Master, Running
                        server2            | 192.168.4.52    |  3306 |           0 | Slave, Running
                        -------------------+-----------------+-------+-------------+--------------------
                    1.6.6 测试配置
                        1.在主服务器上添加访问数据链接用户
                            mysql> create databases gamedb;
                            mysql> create table a(id int);
                            mysql> grant select,insert on gamedb.* to yaya66@"%" identified by "123qqq...A";
                        2.客户端链接代理服务57 访问数据
                            [root@DBA ~]# mysql -h192.168.4.57 -uyaya66 -P4006 -p123qqq...A
                            mysql> select * from gamedb.a;
                            Empty set (0.00 sec)

                            mysql> insert into gamedb.a values(0214);
                            Query OK, 1 row affected (0.18 sec)

                            mysql> select * from gamedb.a;
                            +------+
                            | id   |
                            +------+
                            |  214 |
                            +------+
                        3.验证57主机的数据读写分离
                            3.1 在从服务器添加新记录
                                mysql> insert into gamedb.a values(52);
                                Query OK, 1 row affected (0.04 sec)

                                mysql> select * from gamedb.a;
                                +------+
                                | id   |
                                +------+
                                |  214 |
                                |   52 |
                                +------+
                                在主服务器查看记录
                                mysql> select * from gamedb.a;
                                +------+
                                | id   |
                                +------+
                                |  214 |
                                +------+
                            3.2客户端访问57 查看
                                [root@DBA ~]# mysql -h192.168.4.57 -uyaya66 -P4006 -p123qqq...A
                                mysql> select * from gamedb.a;
                                +------+
                                | id   |
                                +------+
                                |  214 |
                                |   52 |




            二.多实例服务

                1.添加配置文件
                    vim /etc/my.cnf
                    [mysqld_multi]
                    mysqld = /usr/local/mysql/bin/mysqld_safe
                    mysqladmin = /usr/local/mysql/bin/mysqladmin
                    user = root
                    [mysqld1]
                    datadir=/dir1
                    port=3307
                    log-error=/dir1/mysqld1.err
                    pid-file=/dir1/mysqld1.pid
                    socket=/dir1/mysqld1.socket
                    [mysqld2]
                    datadir=/dir2
                    port=3308
                    log-error=/dir2/mysqld2.err
                    pid-file=/dir2/mysqld2.pid
                    socket=/dir2/mysqld2.socket

                2.添加PATH

                  PATH=/usr/local/mysql/bin:$PATH
                       /usr/local/mysql/bin:/usr/local/sbin:/usr/local/bin:/usr/sbin:/usr/bin:/root/bin:/usr/local/mysql/bin/
                3.启动服务编号是1 的实例服务
                        ]# /usr/local/mysql/bin/mysqld_multi start 1
                    查看服务信息
                        ]# ls /dir1
                        ]# netstat  -utnlp  | grep  :3307
                    访问服务
                        /usr/local/mysql/bin/mysql -uroot -p'k4R+MAfMUgar' -S /dir1/mysqld1.sock
                        mysql> alter user  root@"localhost" identified by  "123456";
                        mysql> show databases;
                        mysql> exit
                        存储数据 创库 插入数据
                        重新登录
                        /usr/local/mysql/bin/mysql -uroot -p123456 -S /dir1/mysqld1.socket
                        没有设置开机自启

       DAY03
            一.数据分片
                分片介绍
                1.垂直分割
                    1.1纵向切分
                        将单个数据库的多个表按照业务分类按照业务类型分类,分散存储到不同数据库
                2.水平切分
                    2.1横向切分
                        按照表中指定字段的分片规则,将表记录按行切分,分散存储到不同的的多个数据库
            二.mycat
                1.介绍
                    mycat是基于java的分布式存储数据库系统中间件,为提高并发环境的分布式存储提供解决方案
                        适合数据大量写入存储
                        支持mayql Oracle Salserver mongodb
                        支持数据读写分离
                        支持数据分片
                2.分片规则
                    mycat 支持10 中分片规则
                        枚举 固定分片 约定范围 求模 日期列分 通陪取模 ascii码 编程指定 字符拆分hash 解析 一致性hash
                    不同的分片规则需要有特定的字段名存在
                    通过检查 /usr/local/mycat/conf/schema.xml (<table>中的 值)和 rule.xml(<tableRule> </tableRule>)
                    中相匹配的字段 决定 表中一定要存在的字段

                3.拓扑结构
                                             56                 50
                    ----------------------分片服务器------------客户端
                    |                 |                      |
                    数据库服务器      数据库服务器            数据库服务器
                        53           54                      55
                4.工作工程
                    当mycat收到一个sql命令
                        1)解析SQL命令涉及到的表
                        2)查看对表的配置,如国有分片规则,则获取sql命令里分片字段的值,匹配分片函数,获得分片列表
                        3)将sql语句发往对应的分片服务器执行
                        4)收集处理分片结果,返回结果
                5.部署mycat 服务
                    1)安装软件
                         //这个软件需要java的支持
                         yum -y install java-1.8.0-openjdk
                         tar -xvf Mycat-server-1.6-RELEASE-20161028204710-linux.tar.gz -C /usr/local/
                         软件的目录结构
                            -bin     启动命令
                            -catlet  扩展程序
                            -conf    配置文件 /// txt 结尾的是分片规则算法, server.xml 设置链接账户以及逻辑 (逻辑库文件)
                                            ///schemea.xml 配置数据分片   rules.xml 分片规则
                            -lib    mycat 使用的jar包
                            -logs   mycat启动日志和运行日志
                            -wrapper.log    服务启动日志
                            -mycat.log      记录sql脚本执行后的保存内容


                            若启动服务 不报错 但是启动不了 说明内存不够
                    2)修改配置文件
                       分片规则设置为  枚举 sharding-by-intfile
                        vim /usr/local/mycat/conf/server.xml 保持默认 添加(逻辑库)
                        [root@mycat ~]# sed -i "57,77d" /usr/local/mycat/conf/schema.xml // 删除无用行
                        [root@mycat ~]# sed -i "39,42d" /usr/local/mycat/conf/schema.xml
                        [root@mycat ~]# sed -i "16,18d" /usr/local/mycat/conf/schema.xml
                        [root@mycat ~]# wc -l /usr/local/mycat/conf/schema.xml
                        48 /usr/local/mycat/conf/schema.xml

                            文件结构如下:
                            <mycat: >
                                 <schema  >    //定义分片库  name //逻辑库名  databNode  //指定数据节点  rule //指定分片规则  type=global //数据不分片存储
                                    <table />   //表信息 name //逻辑表名 ; schema 中有多少 table 就代表有多少表,有多少schema代表有多少库

                                 </schema>
                                <dataNode />
                                 <dataHost>
                                 </dataHost>
                            </mycat: >

                            添加(逻辑表)
                            ##############################将文件修改如下######################
                             11                 <table name="company" primaryKey="ID" type="global" dataNode="dn1,dn2,dn3" />
                             12                 <table name="goods" primaryKey="ID" type="global" dataNode="dn1,dn2,dn3" />
                             13                 <!-- random sharding using mod sharind rule -->
                             14                 <table name="hotnews" primaryKey="ID" autoIncrement="true" dataNode="dn1,dn2,dn3"
                             15                            rule="mod-long" />
                             16                 <table name="employee" primaryKey="ID" dataNode="dn1,dn2,dn3"
                             17                            rule="sharding-by-intfile" />
                             18                 <table name="customer" primaryKey="ID" dataNode="dn1,dn2,dn3"

                                                ##################指定数据库###################

                             33         <dataNode name="dn1" dataHost="localhost53" database="db1" />
                             34         <dataNode name="dn2" dataHost="localhost54" database="db2" />
                             35         <dataNode name="dn3" dataHost="localhost55" database="db3" />

                                            #########################修改配置节点##############################

                             36         <dataHost name="localhost53" maxCon="1000" minCon="10" balance="0"
                             37                           writeType="0" dbType="mysql" dbDriver="native" switchType="1"  slaveThreshold="100">
                             38                 <heartbeat>select user()</heartbeat>
                             39                 <writeHost host="hostM53" url="192.168.4.53:3306" user="adminplj"
                             40                                    password="123qqq...A">
                             41                 </writeHost>
                             42         </dataHost>
                             43
                             44         <dataHost name="localhost54" maxCon="1000" minCon="10" balance="0"
                             45                           writeType="0" dbType="mysql" dbDriver="native" switchType="1"  slaveThreshold="100">
                             46                 <heartbeat>select user()</heartbeat>
                             47                 <writeHost host="hostM54" url="192.168.4.54:3306" user="adminplj"
                             48                                    password="123qqq...A">
                             49                 </writeHost>
                             50         </dataHost>
                             51         <dataHost name="localhost55" maxCon="1000" minCon="10" balance="0"
                             52                           writeType="0" dbType="mysql" dbDriver="native" switchType="1"  slaveThreshold="100">
                             53                 <heartbeat>select user()</heartbeat>
                             54                 <writeHost host="hostM55" url="192.168.4.55:3306" user="adminplj"
                             55                                    password="123qqq...A">
                             56                 </writeHost>
                             57         </dataHost>


                    3)配置数据库服务器
                        创建授权用户,对应数据库
                        mysql> create database db1;
                        mysql> grant all on *.* to adminplj@"%" identified by "123qqq...A";


                    4)验证
                        [root@mycat bin]# ./mycat start
                        Starting Mycat-server...
                        [root@mycat bin]# ss -antulp | grep 8066
                        tcp    LISTEN     0      100      :::8066                 :::*                   users:(("java",pid=1919,fd=81))
                        //添加path
                        [root@mycat bin]# PATH=/usr/local/mysql/bin:$PATH
                        [root@mycat bin]# mysql -h192.168.4.53/54/55 -uadminplj -p123qqq...A

                6.测试

                    [root@mycat conf]# vim partition-hash-int.txt
                    10000=0
                    10010=1
                    10020=2
                    [root@53 ~]# mysql -h192.168.4.56 -P8066 -uroot -p123456
                    mysql> use TESTDB;
                    create table employee(ID int primary key, sharding_id int, name char(15), age int);

                    ///一般来说给 表的每个字段名添加数据,表后面是可以不用写字段名的 但是这里不添加就不能加入数据

                    insert into employee(ID,sharding_id,name,age) values(1,10000,"BOB",21),(2,10010,"AOA",23),(3,10020,"DOD",23);
                    insert into employee(ID,sharding_id,name,age) values(1,10000,"ZOZ",21),(2,10000,"COC",23),(3,10000,"FOF",23);
                    在54 55 只能查询到对应的 sharding_id的 值





                将分片规则为求模进行验证

                求模mod-long

                    修改schema.xml文件
                        [root@db56 conf]# vim /usr/local/mycat/conf/schema.xml

                        <table name="hotnews" dataNode="dn1,dn2,dn3"
                               rule="mod-long" />
                    修改rule.xml文件
                        [root@db56 conf]# vim /usr/local/mycat/conf/rule.xml
                        <tableRule name="mod-long">
                        <rule>
                            <columns>num</columns>  //对那个字段值求模,建表时必须包含这个字段
                            <algorithm>mod-long</algorithm>
                        </rule>
                        </tableRule>

                        <function name="mod-long" class="io.mycat.route.function.PartitionByMod">
                        <!-- how many data nodes -->
                        <property name="count">3</property>
                        </function>

                客户端验证求模分片规则
                    [root@DBA ~]# mysql -h192.168.4.56 -uroot -P8066 -p123456
                    mysql> create table hotnews(num int, title char(30), comment char(200));
                    Query OK, 0 rows affected (10.80 sec)
                    mysql> insert into hotnews(num,title,comment) values(9,"dchech","marryme");
                    Query OK, 1 row affected (0.08 sec)
                    mysql> insert into hotnews(num,title,comment) values(9,"have a baay","chouyn");
                    Query OK, 1 row affected (0.06 sec)

                    mysql> insert into hotnews(num,title,comment) values(5,"have a baby again","chouynaa  a ");
                    Query OK, 1 row affected (0.03 sec)

                    mysql> insert into hotnews(num,title,comment) values(4,"have a baby again agagin","chouynaa  a ");
                    Query OK, 1 row affected (0.05 sec)
                    53 进入本地数据库
                    [root@dba-53 ~]# mysql -uroot -ptarena
                    mysql> mysql> select * from hotnews;
                    +------+-------------+---------+
                    | num  | title       | comment |
                    +------+-------------+---------+
                    |    9 | dchech      | marryme |
                    |    9 | have a baay | chouyn  |
                    +------+-------------+---------+
                    54
                    [root@dba-54 ~]# mysql -uroot -ptarena
                    mysql> select * from hotnews;
                    +------+--------------------------+-------------+
                    | num  | title                    | comment     |
                    +------+--------------------------+-------------+
                    |    4 | have a baby again agagin | chouynaa  a |
                    +------+--------------------------+-------------+
                    55
                    [root@dba-55 ~]# mysql -uroot -ptarena
                    mysql> select * from db3.hotnews;
                    +------+-------------------+-------------+
                    | num  | title             | comment     |
                    +------+-------------------+-------------+
                    |    5 | have a baby again | chouynaa  a |
                    +------+-------------------+-------------+

                添加新库新表

                    修改配置文件

                        [root@db56 conf]# vim /usr/local/mycat/conf/server.xml
                        <user name="root">
                                <property name="password">123456</property>  //添加一个库(逻辑库)
                                <property name="schemas">TESTDB,BBSDB</property>
                        <user>

                        [root@db56 conf]# vim /usr/local/mycat/conf/schema.xml    //在库中添加表(逻辑表)
                            <schema name="BBSDB" checkSQLschema="false" sqlMaxLimit="100">
                            <table name="company" primaryKey="ID" type="global"  dataNode="dn1,dn2,dn3" />
                            <table name="employee" primaryKey="ID"  dataNode="dn1,dn2,dn3" rule="sharding-by-intfile"  />
                            </schema>


                        [root@db56 conf]# /usr/local/mycat/bin/mycat stop
                        [root@db56 conf]# /usr/local/mycat/bin/mycat start

                        创建表
                            company表是全局存储,没有分表,
                            56
                            mysql> create table company(ID int primary key,name char(20), addr char(20));
                        添加数据
                            mysql> insert into company(ID, name, addr) values(1,"tarena","xian");
                            Query OK, 1 row affected (0.16 sec)

                            mysql> insert into company(ID, name, addr) values(2,"dcjit","xian");
                            Query OK, 1 row affected (0.21 sec)

                            mysql> insert into company(ID, name, addr) values(2,"sic","chengdu");
                        在53 54 55 的本地数据库查看上查看表

                            mysql> mysql> select * from company;
                            +----+--------+---------+
                            | ID | name   | addr    |
                            +----+--------+---------+
                            |  1 | tarena | xian    |
                            |  2 | dcjit  | xian    |
                            |  3 | sic    | chengdu |
                            +----+--------+---------+
       DAY04 MHA集群

            一.环境准备
                3台全新的数据库服务器 51 52 53
                2台新的虚拟机  50 57
                51 52 53 之间相互访问无密码登录
                ssh-key-gen
                ssh-copy-id ipaddress
                57 可无密码登录51 52  53
                51 52 53 57 安装 perl-*
                配置主从 51 主 52 53 从
                集群:多台服务器提供相同的服务
                集群分类 LB(负载均衡) HA(高可用) HPC(高性能计算)
                       lvs Haproxy  nginx ; keeplive

                MHA介绍 实现mysql高可用的解决方案
                        数据库的自动切换操作在30s内完成
                        MHA能保证在故障切换过程中最大限度保证数据一致性,达到真正的高可用
                        由perl语言开发
                        依赖主从同步提供高可用
                MHA组成:
                        MHA Manager(管理节点)
                            管理所有数据库服务器
                            可单独部署在一台独立机器上
                            也可以部署在某台数据库服务器
                        MHA Node(数据节点)
                            存储数据的mysql服务器
                            运行在每台mysql服务器上
                MHA工作过程

                        manage 57----------------  master-slave-1
                            |  \
                            |   \
                            |   |___________________
                            |                       |
                        master-slave-2            master-slave-3

                        原理:

                        master定时探测集群中的master节点
                        当master节点故障,manager自动将拥有最新数据的slave提升为新的master.
                        50 客户端
                        51 主    当前主库
                        52 从    备用主库
                        53 从    备用主库
                        57       管理主机
                        100      VIP地址(虚拟ip)  浮动ip
            二.部署MHA集群
                    软件准备
                        51 52 53 57 执行
                    scp -r mha-soft-student/ root@192.168.4.{51,52,53,57}:/root/
                    cd /root/mha-soft-student
                    yum -y install perl-*.rpm
                    rpm -qa |grep -i perl |wc -l
                    检查主从结构是否正常(57不用检查)
                    mysql -uroot -ptarena -e"show slave status\G" |grep -i yes

                    57
                    配置管理节点
                        [root@dba57 mha-soft-student]# rpm -ivh mha4mysql-node-0.56-0.el6.noarch.rpm

                        [root@dba57 mha-soft-student]# tar -zxf mha4mysql-manager-0.56.tar.gz

                        [root@dba57 mha4mysql-manager-0.56]# perl Makefile.PL //perl 编译

                        [root@dba57 mha4mysql-manager-0.56]# make && make install  //安装

                        [root@dba57 mha4mysql-manager-0.56]# masterha_  //可以使用的命令
                        masterha_check_repl       masterha_conf_host        masterha_master_switch
                        masterha_check_ssh        masterha_manager          masterha_secondary_check
                        masterha_check_status     masterha_master_monitor   masterha_stop
                        [root@dba57 mha4mysql-manager-0.56]# which masterha_check_ssh
                        /root/perl5/bin/masterha_check_ssh

                        [root@dba57 ~]# ls /root/perl5/bin/             //安装路径
                        masterha_check_repl    masterha_conf_host       masterha_master_switch
                        masterha_check_ssh     masterha_manager         masterha_secondary_check
                        masterha_check_status  masterha_master_monitor  masterha_stop

                        [root@dba57 ~]# mkdir /etc/mha   //创建文件夹 将准备好的配置文件拷贝到软件目录
                        [root@dba57 ~]# cp mha-soft-student/mha4mysql-manager-0.56/samples/conf/app1.cnf /etc/mha/

                        修改配置文件如下
                        [root@dba57 ~]# vim /etc/mha/app1.cnf

                            [server default]
                            manager_workdir=/etc/mha     //配置文件日志存放位置
                            manager_log=/etc/mha/manager.log    //日志
                            master_ip_failover_script=/etc/mha/master_ip_failover //当主数据库出现问题时切换主数据库脚本
                            ssh_user=root     //ssh远程管理用户
                            ssh_port=22
                            repl_user=repluser      //同步binlog日志使用的用户
                            repl_password=123qqq...A
                            user=root               //监控用用户
                            password=123qqq...A

                            [server1]

                            hostname=192.168.4.51
                            candidate_master=1
                            port=3306

                            [server2]
                            hostname=192.168.4.52
                            candidate_master=1
                            port=3306

                            [server3]
                            port=3306
                            candidate_master=1
                            hostname=192.168.4.53

                            修改已经准备好的脚本 只添加 vip即可 脚本在tar包里找
                        [root@dba57 ~]# cp mha-soft-student/master_ip_failover /etc/mha/
                        [root@dba57 ~]# chmod +x /etc/mha/master_ip_failover
                        [root@dba57 ~]# vim +35 /etc/mha/master_ip_failover
                            在配置文件中添加如下
                            my $vip = '192.168.4.100/24';  # Virtual IP
                            my $key = "1";
                            my $ssh_start_vip = "/sbin/ifconfig eth0:$key $vip";
                            my $ssh_stop_vip = "/sbin/ifconfig eth0:$key down";

                        51 在主机上配置VIP地址
                            [root@dba-51 ~]# ifconfig eth0:1
                            [root@dba-51 ~]# ifconfig eth0:1 192.168.4.100 //添加虚拟ip地址 //零时添加





                    配置数据节点(51 52 53)
                        安装软件
                            51 52 53 都要装 以52 为例
                            [root@52 ~]# yum -y install mha-soft-student/mha4mysql-node-0.56-0.el6.noarch.rpm
                        添加授权用户
                                57中修改的 /etc/mha/app1.cnf 配置文件

                            同步数据链接用户
                                51 52 53 都要添加,虽然有主从结构
                                mysql> grant replication slave on *.* to repluser@"%" identified by "123qqq...A";
                            57主机监控用户
                                 51 52 53 都要添加
                                MYSQ> grant all on *.* to root@"%" identified by "123qqq...A";
                        修改数据库服务运行参数
                            主库 51
                                [root@dba-51 ~]# vim /etc/my.cnf

                                plugin-load="rpl_semi_sync_slave=semisync_slave.so;rpl_semi_sync_master=semisync_master.so" //加载插件
                                rpl_semi_sync_master_enabled=1      //启动插件
                                rpl_semi_sync_slave_enabled=1
                                relay_log_purge=0           //禁止自动删除binlog日志

                                [root@dba-51 ~]# systemctl restart mysqld
                            从库 52 53 都要做 这里以 52 为例
                                [root@dba-52 ~]# vim /etc/my.cnf
                                plugin-load="rpl_semi_sync_slave=semisync_slave.so;rpl_semi_sync_master=semisync_master.so" //加载插件
                                rpl_semi_sync_master_enabled=1      //启动插件
                                rpl_semi_sync_slave_enabled=1
                                relay_log_purge=0           //禁止自动删除binlog日志


                                [root@dba-52 ~]# systemctl restart mysqld

                                查看主从状态
                                    52 53 都要检查
                                    mysql> show slave status\G;
                                    检查host 和 i/0 sql 线程


                    检查测试
                               排错时间
                            测试SSH配置
                                [root@dba57 ~]# masterha_check_ssh --conf=/etc/mha/app1.cnf
                                All SSH connection tests passed successfully
                            测试主从同步
                                [root@dba57 ~]# masterha_check_repl --conf=/etc/mha/app1.cnf
                                检查  Dead Servers:
                                     Alive Servers:
                                     是否正确

                                MySQL Replication Health is OK

                            启动MHA-MANAGER服务
                             [root@dba57 ~]#   masterha_manager --conf=/etc/mha/app1.cnf --remove_dead_master_conf --ignore_last_failover

                                 --remove_dead_master_conf        删除宕机主库配置
                                 --ignore_last_failover           忽略health文件:取消8小时(自服务启动)内数据库主机宕机不切换主库的限制
                                检查服务是否启动
                                    [root@dba57 ~]# masterha_check_status --conf=/etc/mha/app1.cnf
                                    app1 (pid:19354) is running(0:PING_OK), master:192.168.4.51
                                查看当前数据库主服务器
                                    [root@dba57 ~]# cat /etc/mha/app1.master_status.health

                                客户端50链接vip地址访问集群
                                    51
                                    添加访问数据的链接用户
                                    [root@dba-51 ~]# mysql -uroot -ptarena
                                        mysql> create database db9;
                                        mysql> create table db9.a;

                                        mysql> grant select,insert on db9.* to yaya55@"%" identified by "123qqq...A";

                                    50
                                    添加数据测试
                                    [root@dba-50 ~]# mysql -h192.168.4.100 -uroot -p123qqq...A
                                        mysql> select * from db9.a;
                                        Empty set (0.01 sec)

                                        mysql> insert into db9.a values(100);
                                        Query OK, 1 row affected (0.05 sec)

                                        mysql> select * from db9.a;

                            测试高可用
                                停止51mysql 服务
                                    [root@dba-51 ~]# systemctl stop mysqld.service

                                客户端链接100 访问数据
                                    [root@52 ~]# ifconfig eth0:1  //查看浮动ip
                                    inet 192.168.4.100   (52变成新的主数据库服务器)

                                    [root@DBA ~]# mysql -h192.168.4.100 -uyaya55 -p123qqq...A
                                    mysql> insert into db9.a values(233);
                                    mysql> select * from db9.a;
                                    [root@dba57 ~]# cat /etc/mha/app1.cnf
                                    发现 停掉的 server1 已经在配置文件中删掉了.
                                    只有server2\3

                            将宕机的数据库服务器添加到集群
                                检查状态
                                    在当前数据库主服务器查看 VIP 4.100 是否存在
                                    在52 53 上检查主从状态
                                    在mha管理主机57上
                                        [root@dba57 ~]# masterha_check_status --conf=/etc/mha/app1.cnf  //检查 服务状态
                                        app1 is stopped(2:NOT_RUNNING).
                                        [root@dba57 ~]# masterha_check_ssh --conf=/etc/mha/app1.cnf     //检查ssh
                                        [root@dba57 ~]# masterha_check_repl --conf=/etc/mha/app1.cnf    //检查主从
                                        [root@dba57 ~]# masterha_manager --conf=/etc/mha/app1.cnf       //启动服务


                                同步主库52 的数据到51
                                    52
                                      [root@dba52 ~]# mysqldump -uroot -ptarena --master-data -A > db9.a.sql
                                      [root@dba52 ~]# scp db9.a.sql root@192.168.4.51:/root/

                                    51
                                      [root@dba-51 ~]#  mysql -uroot -ptarena  < db9.a.sql
                                      [root@dba-51 ~]# mysql -uroot -ptarena
                                      [root@dba-51 ~]# vim +22 db9.a.sql

                                      CHANGE MASTER TO MASTER_LOG_FILE='masterdb52.000002', MASTER_LOG_POS=895;

                                      mysql> change master to master_host="192.168.4.51",
                                        -> master_user="repluser",master_password="123qqq...A",
                                        -> master_log_file="masterdb52.000002",master_log_pos=895;
                                      mysql> start slave;
                                      mysql> show slave status\G

                                添加51 到集群 中
                                     停止服务
                                    [root@dba57 ~]# masterha_stop --conf=/etc/mha/app1.cnf
                                     修改配置文件
                                    [root@dba57 ~]# vim /etc/mha/app1.cnf
                                      添加如下
                                      [server1]
                                      candidate_master=1
                                      hostname=192.168.4.51
                                      port=3306
                                     检查ssh
                                    [root@dba57 ~]# masterha_check_ssh --conf=/etc/mha/app1.cnf

                                     检查主从结构
                                    [root@dba57 ~]# masterha_check_repl --conf=/etc/mha/app1.cnf
                                     启动服务
                                    [root@dba57 ~]# masterha_manager --conf=/etc/mha/app1.cnf --remove_dead_master_conf --ignore_last_failover
                                      app1 (pid:3594) is running(0:PING_OK), master:192.168.4.52




       DAY05 PXC 集群
                准备三台全新虚拟机 4.71-4.73
                servername= pxcnode71-73
                配置 hosts 使之间可以使用 servername ping通

            一.PXC介绍
                pxc介绍
                    开源软件
                    pxc集群由两部分: Percona Server wiht XtraDB 和 WriteSet Replication patches
                    同步 多主复制插件
                特点
                  数据强一致性 无同步延迟
                  没有主从切换 无需虚拟ip
                  支持innodb引擎
                  多线程复制
                  部署简单
                  支持节点加入,无需拷贝数据
                端口:
                    3306 数据可端口
                    4444 sst端口
                    4567 集群成员同学端口
                    4568 ist端口
                    sst state snapshot transfer 全增量同步
                    ist incremental state transfer 增量同步
            二.配置
                安装软件
                    //依赖包
                    [root@pxcnode71 PXC]# rpm -ivh libev-4.15-1.el6.rf.x86_64.rpm
                    //安装 在线热备程序
                    [root@pxcnode71 PXC]# yum -y install percona-xtrabackup-24-2.4.13-1.el7.x86_64.rpm
                    //安装依赖--按照顺序来   递归压缩程序
                    [root@pxcnode71 PXC]# rpm -ivh qpress-1.1-14.11.x86_64.rpm
                    //服务端软件
                    [root@pxcnode71 PXC]# tar -xvf Percona-XtraDB-Cluster-5.7.25-31.35-r463-el7-x86_64-bundle.tar
                    //安装集群服务程序
                    [root@pxcnode71 PXC]# yum -y install Percona-XtraDB-Cluster-*.rpm

                配置文件
                    [root@pxconde72 PXC]# ls /etc/percona-xtradb-cluster.conf.d/

                        mysqld.cnf  //数据库服务器配置文件
                        mysqld_safe.cnf //percona server 配置文件
                        wsrep.cnf       //pXc集群配置文件

                    修改配置文件

                        数据配置配置文件

                        修改mysqld.conf

                        71 72 73 都要改 以 73 为例 将server id修改为主机ip末位
                        [root@psconde73 PXC]#  vim /etc/percona-xtradb-cluster.conf.d/mysqld.cnf
                            [client]
                            socket=/var/lib/mysql/mysql.sock

                            [mysqld]
                            server-id=73                            //server id 不能重复
                            datadir=/var/lib/mysql                  //数据库目录
                            socket=/var/lib/mysql/mysql.sock        //sock文件
                            log-error=/var/log/mysqld.log           //日志文件
                            pid-file=/var/run/mysqld/mysqld.pid     //pid文件
                            log-bin                                 //启动binlog日志
                            log_slave_updates                       //启动链式复制
                            expire_logs_days=7                      //日志保存天数

                        修改wsrep.cnf
                            3 台都要做
                            [root@psconde73 PXC]# vim /etc/percona-xtradb-cluster.conf.d/wsrep.cnf
                            修改如下 内容
                                8  wsrep_cluster_address=gcomm://192.168.4.71,192.168.4.72,192.168.4.73
                                25 wsrep_node_address=192.168.4.73  //保证与本地IP一致
                                27 wsrep_cluster_name=pxc-cluster   //设定集群名称 其他两台保持一致
                                30  wsrep_node_name=pxcnode73       //设置与server name 相同
                                39 wsrep_sst_auth="sstuser:123456"  // sst同步授权用户
                    启动服务
                        只在其中一台操作 以73为例子
                        [root@pxconde73 ~]# systemctl start mysql@bootstrap.service
                        查找数据库初始密码

                        [root@pxconde73 ~]# grep pass /var/log/mysqld.log
                        进入数据库
                        [root@pxconde73 ~]# mysql -uroot -pQhTHt-W4Sh4h
                        修改默认密码
                        mysql> alter user root@"localhost" identified by "123456";

                        添加授权用户
                        mysql> grant reload,lock tables,replication client,process on *.* to sstuser@"localhost" identified by "123456";

                        在所有的数据库服务器上 检查 PXC 服务是否启动

                        [root@pxcnode71 PXC]# systemctl start mysql //木有d
                        tcp    LISTEN     0      128       *:4567                  *:*                   users:(("mysqld",pid=1756,fd=11))
                        [root@pxcnode71 PXC]# ss -antulp | grep 3306
                        tcp    LISTEN     0      80       :::3306                 :::*                   users:(("mysqld",pid=1756,fd=34))

                    查看集群状态

                        mysql> SHOW STATUS LIKE "%wsrep%";

                        主要关注 :

                                 wsrep_incoming_addresses   //集群成员列表       | 192.168.4.73:3306,192.168.4.71:3306,192.168.4.72:3306
                                 wsrep_cluster_weight       //集群服务器台数     | 3
                                 wsrep_cluster_status       //服务器状态      | Primary
                                 wsrep_connected            //链接状态      | ON
                                 wsrep_ready                //集群状态      | ON


                测试
                    测试数据插入授权

                        链接任意任意一台数据库
                        mysql> grant all on gamedb.* to yaya@"%" identified by "123456";
                        mysql> create table gamedb.a(id int primary key auto_increment,name char(30));
                        mysql> insert into gamedb.a values(2,"tom*li");   //插入数据
                        mysql> insert into gamedb.a(name) values("tom*lili"); //不指定id 自加步长为3
                        mysql> select * from gamedb.a;
                        +----+----------+
                        | id | name     |
                        +----+----------+
                        |  1 | bob*dc   |
                        |  2 | tom*li   |
                        |  5 | tom*wang |

                    测试数据库服务器高可用
                        停止任意一台数据库服务器,后插入数据,插入完成后重新启动该服务器.再进行检查
                        [root@pxcnode71 ~]# systemctl stop mysql.service
                        [root@pxcnode71 ~]# systemctl start mysql.service
                        [root@pxcnode71 ~]# mysql -uroot -p123456
                        mysql> select * from gamedb.a;

                        52/53

                        mysql> insert into gamedb.a(name) values("tomcat*wang001");
                        Query OK, 1 row affected (0.06 sec)

                        mysql> insert into gamedb.a(name) values("tomcat*wang002");
                        Query OK, 1 row affected (0.04 sec)

                        mysql> insert into gamedb.a(name) values("tomcat*wang003");
                        Query OK, 1 row affected (0.10 sec)

                        mysql> select * from gamedb.a;


            数据库引擎

                存储引擎
                    作为可插拔的组件提供
                    mysql服务软件自带的功能,处理表的处理器
                    不同的存储引擎有不同的功能和数据存储方式
                    mysql5.6以上默认innodb
                查看数据库服务器可以使用的存储引擎
                    mysql> show engines;//查看所有的数据库引擎
                    | Engine             | Support | Comment                                                        | Transactions | XA   | Savepoints |
                    +--------------------+---------+----------------------------------------------------------------+--------------+------+------------+
                    | InnoDB             | DEFAULT | Supports transactions, row-level locking, and foreign keys     | YES          | YES  | YES        |

                是否可以修改数据库服务使用的存储引擎

                    [root@DBA ~]# vim /etc/my.cnf
                        添加如下
                        default-storage-engine=myisam //写引擎的名称
                    [root@DBA ~]# systemctl restart mysqld

                是否可以修改表的存储引擎
                    创建时指定数据库引擎
                        mysql> create table db10.b(name char(30))engine=myisam; //创建时指定引擎
                        Query OK, 0 rows affected (0.05 sec)

                        mysql> show create table db10.b; //查看创建时命令
                    修改已经存在表的引擎

                        mysql> create table db10.c(name char(10))engine=memory; //指定表引擎

                        mysql> show create table db10.c\G
                        ` char(10) DEFAULT NULL
                        ) ENGINE=MEMORY DEFAULT CHARSET=latin1


                        mysql> alter table db10.c engine=myisam;  //修改表引擎
                        Query OK, 0 rows affected (0.05 sec)
                        Records: 0  Duplicates: 0  Warnings: 0

                        mysql> show create table db10.c\G;   //查看数据库创建信息
                        (
                          `name` char(10) DEFAULT NULL
                        ) ENGINE=MyISAM DEFAULT CHARSET=latin1


                常用存储引擎的特点
                    myisam
                        特点 支持表级锁
                            不支持事物 事物回滚 外键
                        .frm 表结构
                        .MYI 表索引
                        .MYD 表数据
                    innodb
                        特点 支持行级锁定
                            支持事物 事物回滚 外键
                        .frm 表结构
                        .ibd 表数据
                        事物日志文件  //只有innodb才支持
                           事物:一次访问数据库的开始到断开数据库链接,表示一次事物
                           当执行一个操作时,失败后可根据事物日志恢复.
                        ibdata1
                        ib_logfile0
                        ib_logfile1

                    nysql锁机制

                        目的:解决并发访问冲突

                        颗粒度:
                            表级锁: 对整张表加锁
                            行级锁: 仅对被访问的行提供加锁
                        锁类型
                            读锁(共享锁):支持并发
                            写锁(互斥锁):是独占锁上锁期间其他线程不能读表\写表
                        查看当前锁状态
                            show status like "table_lock";
                            +-----------------------------------------+-------+
                            | Variable_name                           | Value |
                            +-----------------------------------------+-------+
                            | Performance_schema_table_lock_stat_lost | 0     |
                            | Table_locks_immediate                   | 100   |
                            | Table_locks_waited                      | 0     |  //锁等待
                            +-----------------------------------------+-------+

                    事物特性(ACID)
                        Atomic :原子性
                            事物的整个操作是一个整体,不可分割,要么全成功要么全失败
                        Consistency :一致性
                            事物操作前后,表中记录没有变化
                        Isolation :隔离性
                            事物操作是互相隔离不受印象的
                        Durability :持久性
                            一旦数据提交,不可改变,永久改变数据

                        一致性测试

                            开启新终端
                                 关闭autocommit 测试一致性

                                mysql> show variables like "autocommit";

                                | autocommit    | ON    |

                                mysql> set autocommit=off;  //暂时关闭autocommit
                                Query OK, 0 rows affected (0.00 sec)

                                mysql> show variables like "autocommit";

                                | autocommit    | OFF   |
                                //创建innodb的表之前将 默认引擎修改称为 myism
                                mysql> create table db10.a4(name int)engine=innodb;
                                //插入数据
                                mysql> insert into db10.a4 values(10010);
                            在另一个终端中查看
                                mysql> select * from db10.a4;
                                Empty set (0.00 sec)
                                //在关闭autocommit的终端中
                                mysql> commit;
                                Query OK, 0 rows affected (0.07 sec)
                            在另一个终端中查看
                                mysql> select * from db10.a4;
                                +-------+
                                | name  |
                                +-------+
                                | 10010 |
                                +-------+
                        事务性测试
                            在关闭autocommit的终端中
                            //插入
                                mysql> insert into db10.a4 values(10086);
                                Query OK, 1 row affected (0.00 sec)

                                mysql> insert into db10.a4 values(1008611);
                                Query OK, 1 row affected (0.00 sec)
                                mysql> select * from db10.a4;
                                +---------+
                                | name    |
                                +---------+
                                |   10010 |
                                |   10086 |
                                | 1008611 |
                                +---------+
                                mysql> delete from db10.a4;
                                Query OK, 3 rows affected (0.00 sec)


                            //删除
                                mysql> select * from db10.a4;
                                Empty set (0.00 sec)

                                mysql> rollback;
                                Query OK, 0 rows affected (0.03 sec)
                            //回滚到所有操作之前(commit为界限)

                                mysql> select * from db10.a4;
                                +-------+
                                | name  |
                                +-------+
                                | 10010 |
                                +-------+
                                1 row in set (0.00 sec)
                                mysql> commit;
                            在开机autocommit的终端中数据没有变化
                                mysql> select * from db10.a4;
                                +-------+
                                | name  |
                                +-------+
                                | 10010 |
                                +-------+


                建表时如何决定表使用的存储引擎

                    查询操作多的表推荐使用,myisam存储引擎,节省性能
                        读锁 (表级锁)
                        select *  from a1;
                        select * from a1 where id<=3;

                    写操作多的表推荐使用,innodb存储引擎,并发访问量大.
                        行级锁:只给访问的行分别加锁
                        同时操作
                        pc1  update a1 set age=19 where id<=3;
                        pc2  update a1 set age=21 where id>3;


       DAY06 redis
            部署redis服务器

                相关概念
                    RDBMS 关系型数据库

                    Nosql 非关系型数据库

                    数据库类型
                                    关系型 relation database management system
                                        按照预先设置的组织结构,将数据存储在物理介质上
                                        eg:mysql db2 oracle sql server Mariadb

                                    非关系型 not only sql
                                         泛指非关系型数据库
                                         不需要预先定义数据存储类型 (不需要先建表)
                                         每条记录可以有不同的数据类型和字段个数
                                         eg: memcached mongdb redis

                介绍redis
                        remote dictionary server (远程字典服务器)
                        高性能的(key/values)分布式内存数据库 //分部署
                        支持数据持久化(定期将内存中数据存储到硬盘中) //持久化
                        支持多种数据类型 string list hash
                        支持主从(maser/slave)模式数据备份

                安装

                      338  rpm -q gcc
                      339  yum -y install gcc
                      340  tar -zxvf
                      341  tar -zxvf  redis-4.0.8.tar.gz
                      342  ls
                      343  cd redis-4.0.8/
                      344  make && make install

                初始化
                    ./utils/insert_server.sh
                                       一路回车使用默认,若要修改则可以输入
                                       安装完成后需要修改的话,修改主配置文件
                      redis默认端口端口6379
                      主配置文件 /etc/redis/6379.conf
                      日志问价  /var/log/redis_6379.log
                      数据库主目录 /var/lib/redis/6379
                      服务启动程序 /usr/local/bin/redis-server
                      命令行链接程序 /usr/local/bin/redis-cli
                      启动脚本      /etc/init.d/redis_6354  stop start //修改密码后无法使用,如果不修改该文件
                redis 管理

                        ss -ntulp |grep 6379
                            tcp    LISTEN     0      128    127.0.0.1:6379             //默认只能本机链接
                        ps -C redis-server
                        /etc/init.d/redis_6379 stop  //停止服务
                        /etc/init.d/redis_6379 start //启动

                        //进入数据库,插入数据

                        [root@DBA ~]# redis-cli
                        127.0.0.1:6379> keys *   //查看所有变量
                        (empty list or set)
                        127.0.0.1:6379> set sechool tarena //插入数据
                        OK
                        127.0.0.1:6379> keys *
                        1) "sechool"
                        127.0.0.1:6379> get sechool    //读取数据
                        "tarena"

                        [root@DBA ~]# ls /var/lib/redis/6379/ //数据库数据
                        dump.rdb
                常用命令
                        set keyname keyvalue //存储一个key值
                        mset                 //存储多个key值
                        get keyname          //获取多个key值
                        mget                 //获取多个key值
                        select 数据库编号(0-15,默认只有16个库) //切换库
                        keys    *            //显示所有key名
                        keys a?              //显示指定key名  //显示以a开头且只有两位的key
                        exists  keyname      //测试key名是否存在
                                    127.0.0.1:6379> EXISTS ch
                                    (integer) 1 //表示存在


                        ttl keyname          //查看key生存时间
                                           127.0.0.1:6379> ttl li
                                            (integer) -1 //表示永久存在


                        type keyname         //查看key 类型

                        move keyname dbname  //移动key到指定库
                                            127.0.0.1:6379> MOVE ch 1
                                            (integer) 1

                        expire keyname 10    //设置key有效时间
                                            127.0.0.1:6379> EXPIRE li 30 (秒)                                            (integer) 1
                                            127.0.0.1:6379> ttl li
                                            (integer) -2 //已过期


                        del keyname          //删除指定key
                                            127.0.0.1:6379> del ch
                                            (integer) 1

                        flushall             //删除所有内存中的key
                                            127.0.0.1:6379> FLUSHALL
                                            OK
                                            127.0.0.1:6379> keys *
                                            (empty list or set)

                        flushdb              //删除所在库中的所有key
                                            127.0.0.1:6379[1]> keys *
                                            1) "ch"
                                            2) "li"
                                            127.0.0.1:6379[1]> FLUSHDB
                                            OK
                                            127.0.0.1:6379[1]> keys *
                                            (empty list or set)

                        save                 //保存所有key到硬盘

                        shutdown             //停止服务

                配置文件分析
                        /etc/redis/6379.conf
                        配置分类


                            常用配置


                        内存管理
                            内初清除策略
                                volatile-lru        //最近最少使用(针对设置了ttl的key)
                                allkeys-lru         //删除最少使用的key(针对所有的key)
                                volatile-lfu        //从所有的key中删除使用最少的key
                                allkeys-lfu         //从所有配置过期时间的key(中清除)删除最少使用的key
                                volatile-random     //在设置了ttl的key里随机删除
                                allkeys-random      //随即删除key
                                volatile-ttl        //删除最近过期的key
                                noeviation          // 不删除,写满是报错 (默认)
                            优化设置
                                maxmemory           //最大内存  默认使用机器剩余全部内存
                                maxmemory-policy    //定义使用策略
                                maxmemory-samples   //选取key模板的个数 (针对lru和ttl 策略)
                        链接密码
                            设置密码 ip地址 端口
                                [root@DBA ~]# vim /etc/redis/6379.conf
                                    503 requirepass 123456
                                    70  bind 192.168.4.50
                                    93  port 6350
                                [root@DBA ~]# /etc/init.d/redis_6379 stop
                                    Stopping ...
                                    Redis stopped
                                [root@DBA ~]# /etc/init.d/redis_6379 start
                                //只修改服务密码
                                [root@DBA ~]# redis-cli
                                127.0.0.1:6379> keys *
                                (error) NOAUTH Authentication required.
                                 127.0.0.1:6379> AUTH 123456
                                OK
                                127.0.0.1:6379> keys *
                                1) "dc"
                                //密码\端口\ip都修改
                                [root@DBA ~]# redis-cli -h 192.168.4.50 -p 6350 -a 123456
                                192.168.4.50:6350> keys *
                                1) "dc"

                        修改密码\端口\IP地址
                        后无法使用   /etc/init.d/redis_6379 stop  停止服务
                        只能在命令行中使用 shutdown 停止,开启不受到密码影响
                                [root@DBA ~]# redis-cli
                                127.0.0.1:6379> AUTH 123456
                                OK
                                127.0.0.1:6379> SHUTDOWN
                                修改脚本使的脚本能够重新停止服务
                                [root@DBA ~]# vim +43 /etc/init.d/redis_6379
                                $CLIEXEC -h 192.168.4.50 -p 6350 -a 123456 shutdown
                                [root@DBA ~]# /etc/init.d/redis_6379 stop
                                Stopping ...
                                Redis stopped



            部署lnmp+redis

                部署lnmp
                    安装nginx
                         yum -y install gcc pcre-devel zlib-devel
                         cd lnmp/
                         tar -xf nginx-1.12.2.tar.gz
                         cd nginx-1.12.2/
                          ./configure
                          make && make install

                    安装php-fpm,启动fpm,查看9000端口
                         yum -y install php-fpm
                         systemctl restart php-fpm.service
                          ss -antulp | grep fpm
                    修改nginx服务配置文件
                        vim +65 /usr/local/nginx/conf/nginx.conf
                        location ~ \.php$ {
                        root           html;
                        fastcgi_pass   127.0.0.1:9000;
                        fastcgi_index  index.php;
                        fastcgi_param  SCRIPT_FILENAME  /scripts$fastcgi_script_name;
                        include        fastcgi.conf;
                                 }
                    编写php测试网页,访问测试
                         vim /usr/local/nginx/html/test.php
                            <?php
                            echo "nihao\n"
                            ?>
                         curl http://localhost/test.php

                    配置支持redis
                         yum -y install php php-devel  autoconf automake
                         tar -xf php-redis-2.2.4.tar.gz
                         cd phpredis-2.2.4/
                         phpize //生成php-configure以及configure命令
                         ./configure --with-php-config=/usr/bin/php-config
                         make
                         make install

                         vim +728 /etc/php.ini
                             728 extension_dir = "/usr/lib64/php/modules/"
                             730 extension = "redis.so"
                         systemctl restart php-fpm.service
                         php -m |grep -i redis
                            redis

                         cp linkredis.php /usr/local/nginx/html/

                         将配置文件修改如下
                         vim /usr/local/nginx/html/linkredis.php
                            <?php
                            $redis = new redis();
                            $redis->connect('192.168.4.50',6350);
                            $redis->auth("123456");               //若redis 没有密码则可以不用写
                            $redis->set('redistest','666666');
                            echo $redis->get('redistest');
                            ?>
                            访问测试
                         curl http://localhost/linkredis.php


       DAY07 redis 集群

                准备:
                准备6 台 redis 一台 管理 redis 服务器
                6 台redis 使用上次实验创建的 的 六台  不要设置密码
                软件:
                scp -r ../redis/ root@192.168.4.57:/root/


            部署管理主机
                也可以部署在任意的一台redis上
                    57
                部署ruby脚本

                    yum -y install rubygems    //安装ruby
                    redis]# gem install redis-3.2.1.gem //安装gem
                    rpm -qa | grep -i ruby     //检查是否已经安装 ruby 解释器 没有的话yum 安装
                    ruby-2.0.0.648-33.el7_4.x86_64
                创建管理集群脚本

                      ]# mkdir /root/bin
                      ]# tar -xf redis-4.0.8.tar.gz
                      ]# ls
                      ]# cd redis-4.0.8/src/
                      ]# cp redis-trib.rb /root/bin/
                      ]# chmod +x /root/bin/redis-trib.rb

                      redis-trib 脚本
                      用法
                      ]# redis-trib <command> <options> <argument>

                      create                          //创建集群
                      check                           //检查集群
                      info                            //检查集群信息
                      reshard                         //重新分片
                      del-node                        //删除主机
                      add-node                        //添加slave主机
                      add-node --slave                 //添加master主机
                      rebalance                       //平均分配hash slots

                    51-56

                    ]# rm -rf /var/lib/redis/6351/*  //删除当前数据库下的所有数据,当数据库中有数据,集群会创建失败
                    修改配置文件启动集群
                    vim /etc/redis/xxx.conf          // xxx表示你当前redis的端口

                    815  cluster-enabled yes
                    823 cluster-config-file nodes-xxxx.conf
                    829 cluster-node-timeout 5000

                    重启服务
                    ]# /etc/init.d/redis_6351 stop
                    ]# /etc/init.d/redis_6351 start

                    显示如下表示集群服务开启
                    若少服务请检查配置文件 16351 集群端口
                    [root@redisA-51 redis-4.0.8]# ss -antulp | grep 6351
                        tcp    LISTEN     0      128    192.168.4.51:16351                 *:*                   users:(("redis-server",pid=1415,fd=8))
                        tcp    LISTEN     0      128    192.168.4.51:6351                  *:*                   users:(("redis-server",pid=1415,fd=6))


                    57  管理主机
                    创建集群

                    [root@mgm-57 ~]# redis-trib.rb create --replicas 1 \ // replicas 1 表示,每个主库管理几个从库
                        > 192.168.4.51:6351 192.168.4.52:6352 \
                        > 192.168.4.53:6353 192.168.4.54:6354 \
                        > 192.168.4.55:6355 192.168.4.56:6356
                    随机从中选择三台主机
                        显示如下表示创建成功
                        [OK] All nodes agree about slots configuration.
                        >>> Check for open slots...
                        >>> Check slots coverage...
                        [OK] All 16384 slots covered.



                    查看集群信息
                        在集群中任意以一台服务器
                        [root@redisA-51 ~]# redis-cli -h 192.168.4.51 -p 6351
                        查看集群状态
                            192.168.4.51:6351> CLUSTER INFO
                            cluster_state:ok                //集群状态
                             ...
                            cluster_known_nodes:6      //多少节点
                            cluster_size:3            //多少主机
                            cluster_current_epoch:6
                              ....
                        查看节点状态
                            192.168.4.51:6351> CLUSTER NODES
                            7eb70abf7840917b544cb50c855427710ac5c3f6 192.168.4.52:6352@16352 master - 0 1561356225000 2 connected 5461-10922
                            ea213013e11d0ff2c6e5ba79bfbcba6b9d9d4874 192.168.4.54:6354@16354 slave 4128c44b7cfdfdb8a6ed49a06a4c385af3de5d0e 0 1561356223146 4 connected
                            ...

                        在管理主机上查看集群状态
                            [root@mgm-57 ~]# redis-trib.rb info 192.168.4.51:6351
                                192.168.4.51:6351 (675ee5ad...) -> 0 keys | 5461 slots | 1 slaves.
                                192.168.4.52:6352 (7eb70abf...) -> 0 keys | 5462 slots | 1 slaves.
                                192.168.4.53:6353 (4128c44b...) -> 0 keys | 5461 slots | 1 slaves.
                                [OK] 0 keys in 3 masters.
                                0.00 keys per slot on average.

                        在管理主机上查看集群主从信息
                            [root@mgm-57 ~]# redis-trib.rb check 192.168.4.51:6351
                                >>> Performing Cluster Check (using node 192.168.4.51:6351)
                                M: 675ee5adc4412ccce47cc5862b3b6d85ec5f4c85 192.168.4.51:6351
                                   slots:0-5460 (5461 slots) master
                                   1 additional replica(s)
                                M: 7eb70abf7840917b544cb50c855427710ac5c3f6 192.168.4.52:6352
                                ...

                    测试集群

                        链接集群插入数据
                            链接任意一台服务器, 链接是 -c  表示使用集群模式 不添加链接后无法使用集群
                            [root@redisA-51 ~]# redis-cli -c -h 192.168.4.51 -p 6351
                                192.168.4.51:6351> set x 100
                                ...
                                192.168.4.52:6352> get f
                                -> Redirected to slot [3168] located at 192.168.4.51:6351

                        redis 集群数据的储存
                            slots的值只是决定了数据存储的位置,
                            存储数据
                                获取变量名---->对变量名 进行crc16计算获得hash值---->根据获得的hash值与slots值对比将值存入对应的slots中
                            查询数据
                                反者执行
                                获取变量名---->对变量名 进行crc16计算获得hash值---->根据获得的hash值在对应的slots中查找



            管理集群

                故障切换测试
                    停止master主机的redis服务
                    -master宕机后主机对应的slave自动被选择为master
                    -原master启动后自动配置为当前master的slave


                    一组主从全坏掉(尤其是一主一从,可以添加多个从来解决这个问题)后集群高可用就坏了

                        停止主库
                        [root@redisA-51 ~]# /etc/init.d/redis_6351 stop
                            Stopping ...
                            Waiting for Redis to shutdown ...
                            Redis stopped
                        查看集群状态
                        [root@mgm-57 ~]# redis-trib.rb check 192.168.4.52:6352
                        M: 40f615161c72047777a4a33eeed34e0a4b789763 192.168.4.55:6355
                        slots:0-5460 (5461 slots) master
                        原主停止后,从升级为主,(51为主,55为从)
                        [root@mgm-57 ~]# redis-trib.rb info 192.168.4.52:6352
                            192.168.4.52:6352 (7eb70abf...) -> 2 keys | 5462 slots | 1 slaves.
                            192.168.4.53:6353 (4128c44b...) -> 2 keys | 5461 slots | 1 slaves.
                            192.168.4.55:6355 (40f61516...) -> 3 keys | 5461 slots | 0 slaves.

                        插入数据到55上

                        redis-cli -c -p 6355 -h 192.168.4.55
                        192.168.4.52:6352> set dcc3 1008612
                        -> Redirected to slot [2385] located at 192.168.4.55:6355

                        启动51的redis服务查看集群
                        看到原主51已经成为55的从了
                        51 ~]# /etc/init.d/redis_6351 start
                        [root@mgm-57 ~]# redis-trib.rb info 192.168.4.52:6352
                            192.168.4.52:6352 (7eb70abf...) -> 4 keys | 5462 slots | 1 slaves.
                            192.168.4.53:6353 (4128c44b...) -> 2 keys | 5461 slots | 1 slaves.
                            192.168.4.55:6355 (40f61516...) -> 4 keys | 5461 slots | 1 slaves.

                        [root@mgm-57 ~]# redis-trib.rb check 192.168.4.52:6352
                            S: 675ee5adc4412ccce47cc5862b3b6d85ec5f4c85 192.168.4.51:6351
                            slots: (0 slots) slave
                            replicates 40f615161c72047777a4a33eeed34e0a4b789763


                添加服务器
                    条件:
                        当内存不够时,添加服务器增加数据的存储空间
                    部署一台新的redis服务器
                        -运行服务并配置集群配置
                    准备:
                        安装redis 配置集群 端口 ip
                        修改对应配置文件
                        vim /etc/init.d/redis_6358
                        43
                        vim /etc/init.d/redis_6358
                        70
                        815
                        823
                        829

                    添加master主机步骤
                        准备两台58 59 master主机

                        57<mgm>

                        添加master,分配hash槽

                             51 代表集群,默认添加为主, add-node --slave 表示添加为从
                             [root@mgm-57 ~]# redis-trib.rb add-node 192.168.4.58:6358 192.168.4.51:6351
                             [root@mgm-57 ~]# redis-trib.rb check 192.168.4.51:6351 //检查集群状态
                                 M: a4ae50ccb07b276159f10cba531f347b85abb456 192.168.4.58:6358
                                 slots: (0 slots) master


                        分配hash槽(slots)
                             51 表示集群
                            [root@mgm-57 ~]# redis-trib.rb check 192.168.4.51:6351
                                How many slots do you want to move (from 1 to 16384)? 4096  //需要多少slots
                                What is the receiving node ID? a4ae50ccb07b276159f10cba531f347b85abb456  //谁需要slots
                                Source node #1:all  //从所有的master中平均获取,也可以填 ID
                                Source node #2:xxxx / done //还需要从那个master获取,或者done表示结束
                                         xxxxxx       yes 表示同意
                            查看集群状态
                            [root@mgm-57 ~]# redis-trib.rb info 192.168.4.51:6351
                            192.168.4.58:6358 (a4ae50cc...) -> 3 keys | 4096 slots | 0 slaves.

                    添加slave节点

                         命令: redis-trib.rb add-node --slave [--master-id xxxx] slave-ip:port 集群名称
                              不指定master的化会自动添加到从库最少的master上,当master的从相同时,从库随机分配到 任意的master上

                         ]# redis-trib.rb add-node --slave --master-id a4ae50ccb07b276159f10cba531f347b85abb456 192.168.4.59:6359 192.168.4.51:6351
                         也可以这么写
                         ]# redis-trib.rb add-node --slave 192.168.4.59:6359 192.168.4.51:6351

                    移除slave服务器
                        当从移除服务器后,机器中的redis会默认停止

                        移除slave主机
                            需要在管理主机上执行 57
                        命令:                         ip:port
                            ]# redis-trib.rb del-node 集群名   被移除服务器id
                        eg:
                            ]# redis-trib.rb del-node 192.168.4.51:6351 37fdc2f9b2d1db9b81e9cc90d3a5b7efcf3a33d2
                            >>> Removing node 37fdc2f9b2d1db9b81e9cc90d3a5b7efcf3a33d2 from cluster 192.168.4.51:6351
                            >>> Sending CLUSTER FORGET messages to the cluster...
                            >>> SHUTDOWN the node.
                            ~]# redis-trib.rb info 192.168.4.51:6351
                            192.168.4.58:6358 (a4ae50cc...) -> 3 keys | 4096 slots | 0 slaves

                        移除master主机
                            释放步骤:
                                先释放slots,在删除主
                            eg:
                                //释放slots
                            ]# redis-trib.rb reshard 192.168.4.51:6351 //移除slots
                                How many slots do you want to move (from 1 to 16384)? 4096  //需要多少slots
                                What is the receiving node ID?   37fdc2f9b2d1db9b81e9cc90d3a5b7efcf3a33d2 //将slots给谁
                                Source node #1:a4ae50ccb07b276159f10cba531f347b85abb456   //填写需要删除slots的主机 id
                                Source node #2:xxxx / done //还需要从那个master获取,或者done表示结束
                                         xxxxxx       yes 表示同意

                            ]# redis-trib.rb info 192.168.4.51:6351
                                192.168.4.58:6358 (a4ae50cc...) -> 0 keys | 0 slots | 0 slaves.
                                .//删除master主机
                            ]# redis-trib.rb del-node 192.168.4.51:6351 a4ae50ccb07b276159f10cba531f347b85abb456
                                >>> Removing node a4ae50ccb07b276159f10cba531f347b85abb456 from cluster 192.168.4.51:6351
                                >>> Sending CLUSTER FORGET messages to the cluster...
                                >>> SHUTDOWN the node.

                                //查看集群
                            [root@mgm-57 ~]# redis-trib.rb info 192.168.4.51:6351
                                192.168.4.55:6355 (40f61516...) -> 6 keys | 8192 slots | 1 slaves.
                                192.168.4.52:6352 (7eb70abf...) -> 2 keys | 4096 slots | 1 slaves.
                                192.168.4.53:6353 (4128c44b...) -> 2 keys | 4096 slots | 1 slaves.


       DAY08  主从复制
                概述:
                    主从结构
                        一主一从 一主多从 主从从
                        redis配置好后默认为主,我们只需要配置从库就好
                    原理
                        slave向master请求 sync命令
                        master启动后台存盘进程,收集所有修改数据命令
                        master完成存盘后,传输整个数据文件到slave
                        slave接受数据文件,加载到内存完成首次同步
                        后续有新数据产生,master继续收集数据修改命令传递给slave,完成同步

                配置主从复制

                    配置一主一从
                            查看主信息
                            ~]# redis-cli -h 192.168.4.51 -p 6351
                                192.168.4.51:6351> INFO replication
                                # Replication
                                role:master
                        配置从库
                             ~]# redis-cli -h 192.168.4.52 -p 6352
                                192.168.4.52:6352> SLAVEOF 192.168.4.52 6351  //零时配置重启失效
                                OK
                                192.168.4.52:6352> info replication
                                # Replication
                                role:slave
                                master_host:192.168.4.52
                                master_port:6351
                                修改配置文件永久配置
                             52 ~]# vim +282 /etc/redis/6352.conf
                                slaveof 192.168.4.51 6351

                        如何删除从库配置
                            删除配置文件282行内容,重启服务/在cli下 slaveof no one(零时,不删除配置文件)



                        带验证的主从复制
                            接上面实验
                            51 修改配置文件添加密码重启服务

                                vim +501 /etc/redis/6351.conf
                                    requirepass 123456
                                /etc/init.d/redis_6351 stop
                                /etc/init.d/redis_6351 start
                            52
                                 vim +289 /etc/redis/6352.conf
                                 vim +282 /etc/redis/6352.conf
                                    masterauth 123456
                                    slaveof 192.168.4.51 6351
                                 /etc/init.d/redis_6352 stop
                                 /etc/init.d/redis_6352 start
                    配置主从从

                        接上面实验

                            54 作为53的从
                                 vim +282 /etc/redis/6354.conf
                                    slaveof 192.168.4.53 6353
                                    289 由于53 没设置密码 不需要填写
                                 ~]# /etc/init.d/redis_6354 stop
                                    Stopping ...
                                    Redis stopped
                                [root@redisD-54 ~]# /etc/init.d/redis_6354 start
                                    Starting Redis server...
                                [root@redisD-54 ~]# redis-cli -h 192.168.4.54 -p 6354
                                    192.168.4.54:6354> INFO replication
                                    # Replication
                                    role:slave
                                    master_host:192.168.4.53


                哨兵服务

                    在不开启redis集群时,使得redis具有高可用.
                    即当主51 down 哨兵在其从库52 53 中选择新的主

                    原理:
                        监视master服务器
                        发现masterdown后将从库升级为主库
                        主配置文件 sentinel.conf
                        模板文件 redis-4.0.8/sentinel.conf

                    55 上配置哨兵服务
                        vim /etc/sentinel.conf
                            sentinel monitor server51 192.168.4.51 6351 1   //
                                             主机名     ip        服务端口 票属(多少台sentinel发现主down后切换主库,这里只有一台1)
                            bind 0.0.0.0
                            sentinel auth-pass server51  123456

                        redis-sentinel /etc/sentinel.conf  //启动哨兵服务

                        51
                        192.168.4.51:6351> SHUTDOWN
                        not connected>

                        55
                        +switch-master server51 192.168.4.51 6351 192.168.4.52 6352





                持久化

                    RDB
                        redis数据库文件 数据持久化方式之一
                        按照指定时间间隔,将内存中的数据集快照写入硬盘
                        恢复时将快照(Snapshot)直接读到内存



                    将58 59 恢复为独立服务器(按照上面方法)
                        [root@redis-G58 ~]# redis-cli -h 192.168.4.58 -p 6358
                            192.168.4.58:6358>
                            192.168.4.58:6358> keys *
                            (empty list or set)
                            192.168.4.58:6358> set a 123
                            OK
                            192.168.4.58:6358> set b
                            (error) ERR wrong number of arguments for 'set' command
                            192.168.4.58:6358> set b 256
                            OK
                            192.168.4.58:6358> set d dsfs
                            OK
                            192.168.4.58:6358> set jk 54adfs
                            OK
                            192.168.4.58:6358> SAVE
                            OK

                    使用RDB进行数据恢复

                        59  导出数据
                        [root@redis-G58 ~]# cp /var/lib/redis/6358/dump.rdb ./
                        [root@redis-G58 ~]# scp dump.rdb root@192.168.4.59:/root/

                        58 导入数据
                         /etc/init.d/redis_6359 stop
                            Stopping ...
                            Redis stopped
                        [root@redis-H59 ~]# cp ./dump.rdb /var/lib/redis/6359/
                            cp：是否覆盖"/var/lib/redis/6359/dump.rdb"？ yes
                        [root@redis-H59 ~]# /etc/init.d/redis_6359 start
                            Starting Redis server...
                        [root@redis-H59 ~]# redis-cli -h 192.168.4.59 -p 6359
                            192.168.4.59:6359> KEYS *



                RDB优缺点
                    优点
                        高性能的持久化实现

                        适合大规模的数据恢复,适合与数据完整性要求不是特别高的场合
                    缺点:

                        宕机时丢失最后一次持久化的所有数据



                AOF介绍
                    append only file

                        追加方式记录写操作的文件
                        记录redis服务的所有写操作
                        默认不启用
                        可以cat查看
                        不断将新的写操作追加写入到文件末尾

                    AOF优缺点
                        优点:
                            可以灵活设置持久化方式
                            宕机仅仅丢书1 秒的数据
                        缺点:
                            持久化文件体积通常大于rdb方式
                            执行fsync策略时速度会比较慢和rdb相比

                    启动AOF

                       58:6358> config set appendonly yes
                       58:6358> CONFIG rewrite

                       ls /var/lib/redis/6358/
                        appendonly.aof  dump.rdb

                    使用AOF文件恢复数据

                        58 备份aof
                        ~]# cp /var/lib/redis/6358/appendonly.aof ./
                        ~]# scp appendonly.aof root@192.168.4.59:/root/
                        59 启动aof
                        ~]# redis-cli -h 192.168.4.59 -p 6359
                            59:6359> CONFIG SET appendonly yes
                        OK
                            192.168.4.59:6359> CONFIG REWRITE
                        ~]# /etc/init.d/redis_6359 stop
                        ~]# cp appendonly.aof /var/lib/redis/6359/
                        ~]# /etc/init.d/redis_6359 start
                        ~]# redis-cli -h 192.168.4.59 -p 6359
                            192.168.4.59:6359> keys *

                        修复aof文件
                        将文件恢复到最后一次正确操作
                        redis-check-aof --fix /var/lib/redis/6358/appendonly.aof


                字符类型

                    string

                        > set f 18092184237
                        OK
                        192.168.4.58:6358> get f
                        "18092184237"
                        192.168.4.58:6358> SETRANGE f 4 ***  //替换从第4位,将第四位之后的三个字符替换为***
                        (integer) 11
                        192.168.4.58:6358> get f
                        "1809***4237"

                        get x
                        "8888"
                        > APPEND x 88   //追加
                        (integer) 6
                        192.168.4.58:6358> get x
                        "888888"

                        192.168.4.58:6358> setbit  bao 1 0

                            ............

                        192.168.4.58:6358> setbit  bao 8 1
                        (integer) 0

                        192.168.4.58:6358> BITCOUNT bao   //统计字符串中1的数量
                        (integer) 8



                        DECR x    // 变量自减 ,变量不存在会先将变量设定为0再自减1
                        (integer) 888887
                        DECRBY x 5 //自检步长为 5  ,不存在同上.
                        (integer) 888872

                        > SET a abcdefg
                        GETRANGE a 0 3   //取得部分数据
                        "abcd"

                        > GETRANGE a -2 -1
                        "fg"

                        > get x
                        "3"
                        192.168.4.58:6358> INCRBY x 3  //自加 步长为3
                        (integer) 6
                        192.168.4.58:6358> get x
                        "6"
                        > INCRBYFLOAT x 0.5    //自加 浮点型自加
                        "6.5

                    string 总结
                        set
                        mset key value [key value ...]          设置多个key值,空格分割,具有原子型
                        setrange
                        get key                                 返回的key中存储的字符串值,若key不存在则返回null
                        mget key [key]                          获取一个或多个key值
                        getrange key start stop                 返回字符串值中的字符串,截取范围为start和stop
                        strlen key                              统计 字符串长度
                        append key value                        存在则追加,不存在则创建key以及value,返回key长度
                        setbit key offset value                 对key所存储字符串,设置或清除指定位置的value,key不存在则创建
                        bitcount key                            统计字符串被设为1的比特位数量
                        decr    key                             将key中的值减1 key不存在则设置为0再减1
                        decrby  key decrement                   将key中的值,减去decrease
                        incr key                                将key的值增加1,如果key不存在,则初始为0后在加1
                        incrby  key increment                   将key的值增加increment
                        incrbyfloat key increment               为key中所储存的值增加浮点数量

                    list 列表类型

                        字符队列
                        先进后出
                        一个key有多个数值

                        > LPUSH mstu bobo tom jim taena lucy  // 创建表插入数据
                        > LRANGE mstu 0 3
                        1) "lucy"
                        2) "taena"
                        3) "jim"
                        > LPUSH mstu jack mack  //追加插入
                        > LRANGE mstu 0 9
                        1) "mack"
                        2) "jack"
                        3) "lucy"

                        > LPOP mstu  // 移除表头数据 key不存在返回null
                        "mack"
                        > LINDEX mstu 0 //输出指定位置数据
                        "jim"

                        > LSET mstu 2 baba //将mstu的第三个数据修改为 baba
                        OK

                        > RPUSH  mstu tttt   //在末尾添加数值
                        > RPOP mstu          //从表尾开始删除

                    list 操作总结

                    lpush  key value [value]                将一个或多个value插入到 key不存在则创建爱你 key中
                    llen   key                              返回列表key长度
                    lrange key start stop                   从开始位置读取key值到stop结束
                    lpop   key                              移除并返回表头元素数据,key不存在则返回nil
                    lindex key index                        返回表中第index个值
                    lset   key index value                  将key中index位置的值修改为value
                    rpop   key                              删除并返回key末尾的值
                    rpush  key value                        将数值 添加到key的末尾

                    hash 表

                        > hmset boot boookname xxx worker yy money 21 fx rmcbs  //创建hash表
                        > hmget  boot boookname worker          //查看hash表
                        1) "xxx"
                        2) "yy"
                                site 变量名 dc 列名 chuiha 值
                        > HMSET site dc chuiha sina www.sian.cn tarence www.tarence.com //一次插入多条数值
                        > HKEYS site //只获取列名
                        > HVALS site //只获取值
                        > HGETALL site //查看变量的全部信息
                        > DEL site   //删除数值


